Company Name,Symbol,Industry,Series,Open,High,Low,Previous Close,Last Traded Price,Change,Percentage Change,Share Volume,Value (Indian Rupee),52 Week High,52 Week Low,365 Day Percentage Change,30 Day Percentage Change
3M India Ltd.,3MINDIA,Diversified,EQ,21950,21999,21126.05,21854.05,21575,-279.05,-1.28,4159,89653566.68,27800,17273,-10.18,8.22
Aarti Drugs Ltd.,AARTIDRUGS,Healthcare,EQ,400.5,401.8,394.1,403.85,400,-3.85,-0.95,31782,12627306.42,749.75,378,-42.92,-5.1
Aavas Financiers Ltd.,AAVAS,Financial Services,EQ,1997.1,2004.05,1894.5,2015.45,1943.15,-72.3,-3.59,150704,290772818.7,3340,1815,-25.69,-9.39
ABB India Ltd.,ABB,Capital Goods,EQ,2260.35,2311.5,2260.35,2300.9,2280,-20.9,-0.91,97053,221093527.7,2487.85,1618.05,27.25,-5.21
Abbott India Ltd.,ABBOTINDIA,Healthcare,EQ,18700.4,19200,18605,18760.4,19199.8,439.4,2.34,12396,234676981.3,23934.45,15514,11.61,5.84
Aditya Birla Capital Ltd.,ABCAPITAL,Financial Services,EQ,89,90.6,88.35,89.4,90.25,0.85,0.95,2401323,215182554,139.2,85.6,-23.75,-11.57
Aditya Birla Fashion and Retail Ltd.,ABFRL,Consumer Services,EQ,235.6,243.5,235.6,237.05,242.2,5.15,2.17,1014277,243548193.2,322,189.35,9.87,-12.62
Aditya Birla Sun Life AMC Ltd.,ABSLAMC,Financial Services,EQ,400.05,406.7,400,400.05,405.9,5.85,1.46,34489,13901826.12,722.9,375,-,-5.09
ACC Ltd.,ACC,Construction Materials,EQ,2122.95,2174,2122.95,2121.95,2171.7,49.75,2.34,284645,613620612.3,2589,1900,5.32,-3.48
Adani Enterprises Ltd.,ADANIENT,Metals & Mining,EQ,2189.9,2242,2138.25,2190.9,2229.25,38.35,1.75,2141743,4695578771,2420.95,1332.75,45.33,1.08
Adani Green Energy Ltd.,ADANIGREEN,Power,EQ,1928,1978.9,1902,1929.6,1963.25,33.65,1.74,1206875,2344656406,3050,874.8,-,2.15
Adani Ports and Special Economic Zone Ltd.,ADANIPORTS,Services,EQ,670,680,656,672.05,678.3,6.25,0.93,3151179,2105491761,924.65,651.95,-4.5,-9.16
Adani Transmission Ltd.,ADANITRANS,Power,EQ,2500,2583.7,2226.3,2473.65,2452,-21.65,-0.88,741152,1847854989,3000,863,-,20.37
Advanced Enzyme Tech Ltd.,ADVENZYMES,Fast Moving Consumer Goods,EQ,266.2,268.7,258.4,266.2,264,-2.2,-0.83,40076,10549606.24,435.95,258.4,-35.78,-7.02
Aegis Logistics Ltd.,AEGISCHEM,Oil Gas & Consumable Fuels,EQ,208.7,212.6,205.15,209,211.45,2.45,1.17,247355,51731824.7,386,167.25,-39.22,-3.95
Affle (India) Ltd.,AFFLE,Information Technology,EQ,1060,1060.3,1004.65,1060.3,1010,-50.3,-4.74,241660,246983769.8,1511,763.02,-,0.78
AIA Engineering Ltd.,AIAENG,Capital Goods,EQ,2233.8,2242.45,2170.2,2223.8,2210,-13.8,-0.62,42620,94240491.6,2350,1475.05,3.91,-2.37
Ajanta Pharmaceuticals Ltd.,AJANTPHARM,Healthcare,EQ,1233,1275.05,1229.35,1235.6,1265.9,30.3,2.45,109740,137293519.2,2435,1186,-42.5,-27.87
Alkem Laboratories Ltd.,ALKEM,Healthcare,EQ,2995,3035,2970.95,2998.55,3011.25,12.7,0.42,21837,65524757.31,4070,2828,-6.28,-4.78
Alkyl Amines Chemicals Ltd.,ALKYLAMINE,Chemicals,EQ,2525,2609.9,2506.2,2517.65,2552.85,35.2,1.4,26377,67248425.27,4749,2506.2,-30,-7.77
Allcargo Logistics Ltd.,ALLCARGO,Services,EQ,259,271.5,256,262.95,269,6.05,2.3,502907,133391052.7,412,152.5,64.5,-17.76
Alok Industries Ltd.,ALOKINDS,Textiles,BE,22.3,22.3,21.5,22,21.55,-0.45,-2.05,1040692,22645457.92,35.8,18.85,-,-
Amara Raja Batteries Ltd.,AMARAJABAT,Automobile and Auto Components,EQ,459.1,471.7,456.05,458.7,469.5,10.8,2.35,438273,202727558.9,781.6,438.05,-38.43,-8.69
Amber Enterprises India Ltd.,AMBER,Consumer Durables,EQ,2251,2348.2,2251,2246.65,2325,78.35,3.49,85424,197744600.6,4025.95,2040,-23.22,-14.67
Ambuja Cements Ltd.,AMBUJACEM,Construction Materials,EQ,363.95,368.6,362.1,363,367.5,4.5,1.24,2763265,1011078664,442.5,274,6.56,-1.73
Angel One Ltd.,ANGELONE,Financial Services,EQ,1202,1228,1185,1206.2,1216.05,9.85,0.82,414524,499671374.8,2022,839.05,-,-18.25
Anupam Rasayan India Ltd.,ANURAS,Chemicals,EQ,610,626.2,604.6,610.1,620.7,10.6,1.74,37228,22843845.36,1107.55,546.75,-19.72,-11.28
APL Apollo Tubes Ltd.,APLAPOLLO,Capital Goods,EQ,843.9,855,836,849.95,845.1,-4.85,-0.57,165325,139906281.3,1114.55,718.08,-47.83,-9.31
Alembic Pharmaceuticals Ltd.,APLLTD,Healthcare,EQ,727.75,731.6,717,728.25,729.9,1.65,0.23,63552,46195948.8,1016.7,678.3,-26.01,-0.51
Apollo Hospitals Enterprise Ltd.,APOLLOHOSP,Healthcare,EQ,3680,3745,3635.2,3683.5,3732,48.5,1.32,316894,1169161399,5935.4,3361.55,1.76,-7.43
Apollo Tyres Ltd.,APOLLOTYRE,Automobile and Auto Components,EQ,185.7,190,184.3,185.1,188.9,3.8,2.05,1276512,238682213.8,250,165.25,-17.73,-15.23
Aptus Value Housing Finance India Ltd.,APTUS,Financial Services,EQ,276.5,294.7,274.3,281.8,293.65,11.85,4.21,449163,128519009.2,394.9,220.1,-,-1.38
Asahi India Glass Ltd.,ASAHIINDIA,Automobile and Auto Components,EQ,536.8,549,530.25,539.6,548,8.4,1.56,261012,140842075.2,612.9,324.65,60.43,20.85
Ashok Leyland Ltd.,ASHOKLEY,Capital Goods,EQ,148,149,144.65,147.8,146.4,-1.4,-0.95,19976245,2920926544,153.5,93.2,20.55,7.49
Asian Paints Ltd.,ASIANPAINT,Consumer Durables,EQ,2704.9,2780,2685,2695.2,2769.65,74.45,2.76,1477191,4055317680,3590,2560,-9.94,-5.75
Aster DM Healthcare Ltd.,ASTERDM,Healthcare,EQ,179.55,179.55,174.3,178,176,-2,-1.12,92393,16259320.14,237,148.4,15.55,-10.84
Astral Ltd.,ASTRAL,Capital Goods,EQ,1651,1664.95,1639.9,1655.5,1657,1.5,0.09,125312,207061789.4,2524.95,1581.55,-16.79,-4.3
AstraZenca Pharma India Ltd.,ASTRAZEN,Healthcare,EQ,2700,2727,2664,2705.2,2724,18.8,0.69,4613,12434526.02,3675,2445.7,-25.09,-10.05
Adani Total Gas Ltd.,ATGL,Oil Gas & Consumable Fuels,EQ,2392.55,2442.95,2370,2392.9,2389,-3.9,-0.16,436503,1045280639,2740,774.95,-,-0.21
Atul Ltd.,ATUL,Chemicals,EQ,7988.55,8070,7891,8030.8,8012,-18.8,-0.23,10672,85048369.6,10969,7750,-10.55,-1.4
AU Small Finance Bank Ltd.,AUBANK,Financial Services,EQ,586,587.3,563.3,591.7,580,-11.7,-1.98,2741511,1574011126,732.98,462.5,-42.88,-52.72
Aurobindo Pharma Ltd.,AUROPHARMA,Healthcare,EQ,512.25,524,506.5,513.1,522.75,9.65,1.88,831959,429032936.7,1013,503.45,-46.84,-3.33
Avanti Feeds Ltd.,AVANTIFEED,Fast Moving Consumer Goods,EQ,432.85,436.5,425,432.85,436,3.15,0.73,142890,61885659,674.85,384.2,-20.7,0.87
Axis Bank Ltd.,AXISBANK,Financial Services,EQ,633,646.6,631.8,636.8,644,7.2,1.13,6549359,4191262292,866.9,618.25,-14.9,-7.06
Bajaj Auto Ltd.,BAJAJ-AUTO,Automobile and Auto Components,EQ,3667.95,3678.7,3601.1,3706.6,3621.7,-84.9,-2.29,756589,2746788799,4250,3027.05,-10.34,-4.08
Bajaj Electricals Ltd,BAJAJELEC,Consumer Durables,EQ,1021,1048,1000.2,1023.95,1042,18.05,1.76,326410,335030488.1,1588.95,858.55,-0.29,3.41
Bajaj Finserv Ltd.,BAJAJFINSV,Financial Services,EQ,10920,11343,10727.2,10931.75,11315,383.25,3.51,408983,4572364503,19325,10727.2,-9.72,-15.48
Bajaj Holdings & Investment Ltd.,BAJAJHLDNG,Financial Services,EQ,4534.9,4655,4511,4585.2,4570,-15.2,-0.33,59937,275246887,6598,3586,26.86,-10.33
Bajaj Finance Ltd.,BAJFINANCE,Financial Services,EQ,5364,5633.95,5335.05,5400.5,5617.95,217.45,4.03,1221890,6717694623,8050,5220,-10.23,-11.21
Balaji Amines Ltd.,BALAMINES,Chemicals,EQ,2860,2897,2831.7,2867.3,2889,21.7,0.76,21727,62488155.62,5223.55,2651,7.24,-10.79
Balkrishna Industries Ltd.,BALKRISIND,Automobile and Auto Components,EQ,2125,2179,2109.5,2149.15,2178.85,29.7,1.38,142057,304220747.8,2723.8,1690.55,-4.02,-8.11
Balrampur Chini Mills Ltd.,BALRAMCHIN,Fast Moving Consumer Goods,EQ,360,362.5,354.65,359.45,360.7,1.25,0.35,1214196,435192130.3,525.9,297.6,1.05,-11.1
Bandhan Bank Ltd.,BANDHANBNK,Financial Services,EQ,262.5,266,259.05,263.5,265,1.5,0.57,5414612,1423501495,349.55,229.55,-20.21,-19.16
Bank of Baroda,BANKBARODA,Financial Services,EQ,97.6,97.8,95.6,97.4,97.35,-0.05,-0.05,32287305,3114433440,122.7,72.5,13.39,-2.84
Bank of India,BANKINDIA,Financial Services,EQ,44.2,45,43.9,44.35,44.9,0.55,1.24,1053018,46711878.48,80.75,40.4,-43.07,-7.51
BASF India Ltd.,BASF,Chemicals,EQ,2727,2759.95,2626.95,2728.55,2720,-8.55,-0.31,19400,52420740,3930,2351,4.97,6.81
Bata India Ltd.,BATAINDIA,Consumer Durables,EQ,1665,1706.95,1650,1668.7,1705,36.3,2.18,122583,206081636.3,2262,1550,4.51,-11.11
Bayer Cropscience Ltd.,BAYERCROP,Chemicals,EQ,5032.15,5135,4982,5007.15,5105,97.85,1.95,5806,29271761.84,6130,4218.05,-13.5,-7.24
Bombay Burmah Trading Corporation Ltd.,BBTC,Fast Moving Consumer Goods,EQ,891,924,891,903.25,924,20.75,2.3,20192,18467603.2,1353.15,839.9,-31.75,-9.45
Brightcom Group Ltd.,BCG,Information Technology,EQ,32.9,32.9,32.9,31.35,32.9,1.55,4.94,821102,27014255.8,122.88,10.73,40.27,-51.17
Bharat Dynamics Ltd.,BDL,Capital Goods,EQ,677,679.95,660.05,681.25,668,-13.25,-1.94,693286,462442560.6,904.9,356.85,90.32,-13.07
Bharat Electronics Ltd.,BEL,Capital Goods,EQ,233,235.5,227.25,234.1,229.7,-4.4,-1.88,5108014,1175354021,259.5,162.35,31.52,-0.28
Berger Paints India Ltd.,BERGEPAINT,Consumer Durables,EQ,570.45,583.95,563.75,568.3,583,14.7,2.59,1316578,757664307.4,872.95,543.6,-29.41,-7.58
Bharat Forge Ltd.,BHARATFORG,Capital Goods,EQ,645.15,649.35,635,651.8,643,-8.8,-1.35,650298,418492774.9,847.95,595,-14.45,-7.53
Bharti Airtel Ltd.,BHARTIARTL,Telecommunication,EQ,684.85,685.8,666,684.95,673,-11.95,-1.74,4488771,3024129910,781.8,514.85,30.31,-2.18
Bharat Heavy Electricals Ltd.,BHEL,Capital Goods,EQ,44.8,45.8,44.4,44.95,45.65,0.7,1.56,11083459,499420662.5,80.35,41.4,-31.43,-12.21
Biocon Ltd.,BIOCON,Healthcare,EQ,308.75,312,305,308.4,311.3,2.9,0.94,1136834,351054339.2,414.4,305,-23.75,-7.69
Birla Corporation Ltd.,BIRLACORPN,Construction Materials,EQ,874.9,877.1,826,870.95,839.9,-31.05,-3.57,120235,101789748.7,1650,823,-28.19,-10.63
Blue Dart Express Ltd.,BLUEDART,Services,EQ,7850,7877,7730.1,7802.15,7765.55,-36.6,-0.47,16566,129401664.5,7880,5306.5,34.59,4.17
Blue Star Ltd.,BLUESTARCO,Consumer Durables,EQ,892.1,903.75,885.35,903.75,890.9,-12.85,-1.42,42446,38077882.14,1225,758,10.75,-11.78
Borosil Renewables Ltd.,BORORENEW,Capital Goods,EQ,603,614.8,595.2,601.7,607.7,6,1,469179,284435077,833.35,261.2,-,-8.39
Bosch Ltd.,BOSCHLTD,Automobile and Auto Components,EQ,15273,15731.2,15201.55,15229.6,15650,420.4,2.76,71619,1114657346,19250,12932.45,1.36,4.12
Bharat Petroleum Corporation Ltd.,BPCL,Oil Gas & Consumable Fuels,EQ,308.5,319.25,305.7,308.4,318.5,10.1,3.27,4416695,1381939699,503,293.35,-34.12,-5.46
Brigade Enterprises Ltd.,BRIGADE,Realty,EQ,439,447.45,436.05,444.4,443.5,-0.9,-0.2,140806,62332000.08,554.7,268.7,58.88,-4.36
Britannia Industries Ltd.,BRITANNIA,Fast Moving Consumer Goods,EQ,3412,3600,3412,3466.4,3575,108.6,3.13,292487,1029595188,4153,3050,-5.02,-4.97
BSE Ltd.,BSE,Financial Services,EQ,594.95,604.95,586.45,596.9,600.15,3.25,0.54,778640,463088353.6,1046.67,296.33,-33.71,-21.03
Birlasoft Ltd.,BSOFT,Information Technology,EQ,353.7,357.1,343.55,353.25,352.1,-1.15,-0.33,1752456,612360700.1,585.85,316.45,-11.6,-4.68
Computer Age Management Services Ltd.,CAMS,Financial Services,EQ,2258.8,2258.8,2207,2257.75,2230,-27.75,-1.23,57998,129291461.5,4067.4,2037.15,-19.15,-2.92
Canara Bank,CANBK,Financial Services,EQ,181.65,185.7,178.45,181.25,185.5,4.25,2.34,5768579,1048958405,272.8,142.1,19.36,-11.59
Can Fin Homes Ltd.,CANFINHOME,Financial Services,EQ,427.85,443.4,424.7,426.35,441.45,15.1,3.54,663285,290260148.9,722,406.65,-18.57,-11.86
Caplin Point Laboratories Ltd.,CAPLIPOINT,Healthcare,EQ,704,714.15,704,710.4,711.25,0.85,0.12,26432,18764605.44,1034.8,626,6.49,-4.28
Carborundum Universal Ltd.,CARBORUNIV,Capital Goods,EQ,715,721.55,698.35,716.9,710,-6.9,-0.96,117136,82768297.6,1035,590.55,18.25,-0.5
Castrol India Ltd.,CASTROLIND,Oil Gas & Consumable Fuels,EQ,103.3,104.15,102.75,103.3,104,0.7,0.68,228227,23644317.2,150,99.05,-27.81,-4.97
CCL Products (I) Ltd.,CCL,Fast Moving Consumer Goods,EQ,380,385.15,375.25,383.45,382.3,-1.15,-0.3,132875,50844618.75,514.95,310,6.03,8.29
Central Depository Services (India) Ltd.,CDSL,Financial Services,EQ,1111.4,1117.7,1096,1114.4,1105,-9.4,-0.84,208635,230664769.7,1734.4,974,13.88,-11.38
Ceat Ltd.,CEATLTD,Automobile and Auto Components,EQ,933,949,917.75,929.2,935.55,6.35,0.68,29484,27602036.28,1477.75,890,-31.66,-8.36
Central Bank of India,CENTRALBK,Financial Services,EQ,16.9,17,16.25,16.9,16.8,-0.1,-0.59,891053,14978600.93,29.65,16.25,-39.86,-10.58
Century Plyboards (India) Ltd.,CENTURYPLY,Consumer Durables,EQ,526,526.35,511.05,525.7,512.1,-13.6,-2.59,35943,18514598.73,749,341.8,29.95,-8.41
Century Textile & Industries Ltd.,CENTURYTEX,Forest Materials,EQ,808,817.95,797,805.7,806.5,0.8,0.1,156605,126723200,1024,607.7,30.97,0.98
Cera Sanitaryware Ltd,CERA,Consumer Durables,EQ,4141.7,4160,4085.9,4132.75,4111.25,-21.5,-0.52,2801,11566421.39,6450,3515,-7.85,-1.61
CESC Ltd.,CESC,Power,EQ,70.95,71.9,70.5,71.2,70.75,-0.45,-0.63,565200,40174416,102.45,7.23,-90.75,-8.72
Capri Global Capital Ltd.,CGCL,Financial Services,EQ,685.55,689.15,681.05,687.4,681.15,-6.25,-0.91,16875,11555156.25,805,436.85,29.13,2.38
CG Power and Industrial Solutions Ltd.,CGPOWER,Capital Goods,EQ,192,196.25,188.6,191.65,189.65,-2,-1.04,928649,178430618.9,219.65,71.7,-,5.33
Chalet Hotels Ltd.,CHALET,Consumer Services,EQ,314.8,331.8,310.05,314.65,327.15,12.5,3.97,866335,280848480.3,332.7,159.05,77.57,5.92
Chambal Fertilizers & Chemicals Ltd.,CHAMBLFERT,Chemicals,EQ,267.7,272.4,260.8,266.15,271.3,5.15,1.93,1548368,412593621,516,260.8,-13.19,-26.76
Chemplast Sanmar Ltd.,CHEMPLASTS,Chemicals,EQ,469.8,479,460.8,470.15,476.25,6.1,1.3,98313,46324102.47,826,382.7,-,-2.52
Cholamandalam Investment and Finance Company Ltd.,CHOLAFIN,Financial Services,EQ,616.2,643.15,616.05,619.5,637.95,18.45,2.98,1694794,1067737168,768,469.25,20.7,-8.84
Cholamandalam Financial Holdings Ltd.,CHOLAHLDNG,Financial Services,EQ,590.25,610.5,586.9,593.2,602.05,8.85,1.49,17853,10648243.32,762.3,564.05,-10.42,-4.58
Cipla Ltd.,CIPLA,Healthcare,EQ,911.2,956.05,911.2,917.2,948,30.8,3.36,1793834,1677593557,1083,850,-5.63,-7.63
Clean Science and Technology Ltd.,CLEAN,Chemicals,EQ,1486.95,1490,1456,1490.05,1458,-32.05,-2.15,77405,113280669.4,2705,1422.1,-,-14.79
Coal India Ltd.,COALINDIA,Oil Gas & Consumable Fuels,EQ,185,186.15,176.6,185.6,183.2,-2.4,-1.29,17248729,3132369186,209,132.75,26.56,-3.78
Cochin Shipyard Ltd.,COCHINSHIP,Capital Goods,EQ,310.9,313,307.15,311.7,312.85,1.15,0.37,34795,10809066.75,402.6,280.75,-19.08,-3.53
Coforge Ltd.,COFORGE,Information Technology,EQ,3538,3538,3419.9,3539.3,3495,-44.3,-1.25,536217,1852924654,6135,3218.1,-14.87,-9.52
Colgate Palmolive (India) Ltd.,COLPAL,Fast Moving Consumer Goods,EQ,1488.8,1520,1484.35,1486.85,1515.1,28.25,1.9,437561,661491593,1823.4,1375.6,-11.8,-8.63
Container Corporation of India Ltd.,CONCOR,Services,EQ,596.4,605,585.05,594.3,603.15,8.85,1.49,1065738,634167396.9,754.4,554,-14.9,-8.63
Coromandel International Ltd.,COROMANDEL,Chemicals,EQ,953,969.5,932.75,953.15,968.05,14.9,1.56,366177,349230328.4,983.95,709.35,5.8,0.87
CreditAccess Grameen Ltd.,CREDITACC,Financial Services,EQ,1012.95,1025,995.15,1015.8,1021.9,6.1,0.6,159386,160874665.2,1154,494.7,35.44,-5.2
CRISIL Ltd.,CRISIL,Financial Services,EQ,3281.2,3398,3264.1,3286.7,3269.7,-17,-0.52,42577,142348109.9,3863.55,2425.2,29.43,-3.52
Crompton Greaves Consumer Electricals Ltd.,CROMPTON,Consumer Durables,EQ,339.95,351.1,337.1,340.15,349.8,9.65,2.84,517467,179317839.5,512.8,312,-21.73,-5.89
CSB Bank Ltd.,CSBBANK,Financial Services,EQ,194.5,195,190,193.1,191.6,-1.5,-0.78,198621,38345770.26,374,178,-44.38,2.2
City Union Bank Ltd.,CUB,Financial Services,EQ,133,137,130.95,133.05,134.55,1.5,1.13,1461281,195154077.6,183.95,109,-20.14,-5.03
Cummins India Ltd.,CUMMINSIND,Capital Goods,EQ,1016,1030.2,1014,1024.2,1030,5.8,0.57,149758,153313254.9,1162,821.6,13.86,-0.17
Cyient Ltd.,CYIENT,Information Technology,EQ,760.45,766.35,749.1,756.65,756.85,0.2,0.03,196910,149269594.6,1292,720,-11.98,-3.41
Dabur India Ltd.,DABUR,Fast Moving Consumer Goods,EQ,492.05,512.7,492.05,495.95,511.3,15.35,3.1,1704654,861071875,658.95,482.25,-12.8,-4.44
Dalmia Bharat Ltd.,DALBHARAT,Construction Materials,EQ,1280,1337.8,1272.5,1283.65,1326,42.35,3.3,197336,259368571.6,2548.4,1212.5,-32.12,-5.79
Dilip Buildcon Ltd.,DBL,Construction,EQ,190,190.75,187.45,190.4,189.75,-0.65,-0.34,231621,43871333.61,749.8,187.45,-66.8,-16.47
DCM Shriram Ltd.,DCMSHRIRAM,Diversified,EQ,941.5,954.35,936.1,944.45,947.8,3.35,0.35,26354,24980693.06,1263.85,855,3.56,-4.8
Deepak Nitrite Ltd.,DEEPAKNTR,Chemicals,EQ,1741,1755.95,1681.15,1736.4,1726.2,-10.2,-0.59,894640,1526175322,3020,1681.15,-3.99,-13.05
Delta Corp Ltd.,DELTACORP,Consumer Services,EQ,167.05,174.55,166,166.45,172.45,6,3.6,10179569,1744370944,339.7,162.1,-6.09,-23.79
Devyani International Ltd.,DEVYANI,Consumer Services,EQ,156.35,159.7,152.7,155.35,158,2.65,1.71,1367282,214950403.2,198.9,107.55,-,-8.89
Dhani Services Ltd.,DHANI,Financial Services,EQ,37.6,37.6,34.2,35.85,35.3,-0.55,-1.53,20638577,751037817,242.9,28.5,-79.85,-28.44
Divi's Laboratories Ltd.,DIVISLAB,Healthcare,EQ,3590.35,3649.6,3581.05,3630.4,3647,16.6,0.46,304397,1099975087,5425.1,3365.55,-17.65,1.09
Dixon Technologies (India) Ltd.,DIXON,Consumer Durables,EQ,3575,3606.75,3517,3575,3594,19,0.53,157931,563530973.5,6243.6,3180.55,-19.14,-7.35
DLF Ltd.,DLF,Realty,EQ,310.4,324.4,309.45,312.7,323,10.3,3.29,5557896,1764076190,449.7,279.45,11.24,-9.51
Avenue Supermarts Ltd.,DMART,Consumer Services,EQ,3394.45,3406.65,3331.1,3406.1,3395,-11.1,-0.33,311228,1049656890,5900,3186,1.85,-14.26
Dr. Reddy's Laboratories Ltd.,DRREDDY,Healthcare,EQ,4385,4395,4290.05,4393.8,4385,-8.8,-0.2,304799,1327369165,5614.6,3654,-18.98,0.55
Easy Trip Planners Ltd.,EASEMYTRIP,Consumer Services,EQ,392.2,402.9,390.4,391.4,400.95,9.55,2.44,1105653,441277168.8,717.65,261,-0.66,2.78
eClerx Services Ltd.,ECLERX,Services,EQ,1920.25,1920.25,1888.8,1920.25,1905.2,-15.05,-0.78,12475,23805543.5,2970,1755.65,-,-5.53
Edelweiss Financial Services Ltd.,EDELWEISS,Financial Services,EQ,52.05,52.5,50.85,51.55,51.85,0.3,0.58,613698,31666816.8,100.9,49.4,-28.75,-5.76
Eicher Motors Ltd.,EICHERMOT,Automobile and Auto Components,EQ,2775,2809.8,2750.4,2794.35,2789,-5.35,-0.19,367512,1018802066,2994,2159.55,4.61,0.49
E.I.D. Parry (India) Ltd.,EIDPARRY,Fast Moving Consumer Goods,EQ,525.5,532.55,513,530.6,529,-1.6,-0.3,228073,119282179,576,377.3,24.42,-4.51
EIH Ltd.,EIHOTEL,Consumer Services,EQ,124.4,127.95,124.2,124.9,126.9,2,1.6,162116,20512537.48,171.75,100,11.57,-7.58
Elgi Equipments Ltd.,ELGIEQUIP,Capital Goods,EQ,351.5,362.4,344.35,358.5,347,-11.5,-3.21,204302,71922476.08,422.3,191.3,73.27,4.11
Emami Ltd.,EMAMILTD,Fast Moving Consumer Goods,EQ,417.2,429.6,415.35,420.25,424.95,4.7,1.12,102892,43498621.92,621.8,393.4,-25,0.94
Endurance Technologies Ltd.,ENDURANCE,Automobile and Auto Components,EQ,1418.8,1419,1396.85,1411.7,1410,-1.7,-0.12,140419,197643955.1,1989,1047.2,-13.14,7.94
Engineers India Ltd.,ENGINERSIN,Construction,EQ,57,58.95,56.6,57,58.8,1.8,3.16,751759,43752373.8,82.5,56,-28.39,-8.51
EPL Ltd.,EPL,Capital Goods,EQ,150.1,159.95,149.3,149.15,156.5,7.35,4.93,220028,34181349.8,291,147.15,-46.73,-9.19
Equitas Holdings Ltd.,EQUITAS,Financial Services,EQ,82.4,83,81.5,82,82.55,0.55,0.67,198014,16282691.22,145,75,-12.77,-12.11
Equitas Small Finance Bank Ltd.,EQUITASBNK,Financial Services,EQ,39.4,39.5,38.8,39.45,39.5,0.05,0.13,160741,6302654.61,76.8,37.45,-33.08,-2.95
Eris Lifesciences Ltd.,ERIS,Healthcare,EQ,670.55,670.55,648.45,667.2,651,-16.2,-2.43,8326,5464104.02,863,600.3,-5.7,-0.09
Escorts Kubota Ltd.,ESCORTS,Capital Goods,EQ,1449.95,1471.7,1424.55,1444.8,1467.2,22.4,1.55,489734,708072109.2,1934,1128,18.42,-11.36
Exide Industries Ltd.,EXIDEIND,Automobile and Auto Components,EQ,137.5,141.95,136.8,137.8,141.95,4.15,3.01,854228,119053756.4,204.9,130.25,-24.43,-5.91
Fertilisers and Chemicals Travancore Ltd.,FACT,Chemicals,EQ,96.4,96.4,93.4,96.4,95,-1.4,-1.45,227181,21543574.23,159.9,82.35,-30.17,-22.51
FDC Ltd.,FDC,Healthcare,EQ,239.8,255,233.45,238.65,248,9.35,3.92,40209,9696400.35,388.7,225,-32.58,-3.01
Federal Bank Ltd.,FEDERALBNK,Financial Services,EQ,90.55,94.35,89.3,90.2,94.05,3.85,4.27,16073373,1482447192,107.65,77.5,3.56,1.52
Finolex Cables Ltd.,FINCABLES,Capital Goods,EQ,374,381.95,371.35,376.3,376.3,-,-,49522,18673755.76,608.6,343.5,-27.61,1.51
Fine Organic Industries Ltd.,FINEORG,Chemicals,EQ,4804.45,4898.35,4780,4797.9,4840,42.1,0.88,25788,124989020.5,6139.9,2734.55,65.76,-1.46
Finolex Industries Ltd.,FINPIPE,Capital Goods,EQ,135.8,137.5,134.1,136.2,137.2,1,0.73,118082,16022546.58,244.5,125,-25.96,-13.25
Gujarat Fluorochemicals Ltd.,FLUOROCHEM,Chemicals,EQ,2800.25,2807.4,2696.95,2774.95,2755,-19.95,-0.72,44957,124253505.3,3198.9,1034.1,138.9,-3.89
Fortis Healthcare Ltd.,FORTIS,Healthcare,EQ,236.65,238,232.3,240,235.5,-4.5,-1.88,536057,125769693.3,313.45,219.75,-1.4,0.82
Firstsource Solutions Ltd.,FSL,Information Technology,EQ,102.5,104.3,101.35,102.9,103.7,0.8,0.78,1265235,130116767.4,242.85,93,-44.96,-7.34
Gujarat Ambuja Exports Ltd.,GAEL,Fast Moving Consumer Goods,EQ,280,282.6,268.05,282.7,273.15,-9.55,-3.38,245672,67483641.68,394.15,150.05,62.85,-15.99
GAIL (India) Ltd.,GAIL,Oil Gas & Consumable Fuels,EQ,134.1,136.4,131,135.2,132.6,-2.6,-1.92,10077624,1336595271,173.5,125.2,-9.66,-8.15
Galaxy Surfactants Ltd.,GALAXYSURF,Chemicals,EQ,2934.6,2934.6,2838,2920.05,2849.95,-70.1,-2.4,18915,53998352.85,3585.65,2585,-3.4,1.68
Garware Technical Fibres Ltd.,GARFIBRES,Textiles,EQ,3093.75,3093.75,2972.35,3078.35,3000.5,-77.85,-2.53,4359,13258639.53,4030,2619.8,-9.01,3.57
Great Eastern Shipping Co. Ltd.,GESHIP,Services,EQ,395.75,398.9,385,395.6,390.25,-5.35,-1.35,120133,46909533.84,445,265,1.74,-0.39
General Insurance Corporation of India,GICRE,Financial Services,EQ,114.1,116.4,114.1,115.2,115.95,0.75,0.65,90066,10390013.76,211.5,105,-44.75,-3.6
Gland Pharma Ltd.,GLAND,Healthcare,EQ,2710,2710,2637.4,2701.7,2641,-60.7,-2.25,129469,344517009,4350,2495.15,-21.1,-5.57
Glaxosmithkline Pharmaceuticals Ltd.,GLAXO,Healthcare,EQ,1505,1527,1499,1499.6,1499,-0.6,-0.04,54631,82318537.11,1918.75,1450,-0.17,-0.8
Glenmark Pharmaceuticals Ltd.,GLENMARK,Healthcare,EQ,385.2,395,382,386.35,395,8.65,2.24,398227,155165168.3,690.95,348.5,-40.79,-1.83
Glenmark Life Sciences Ltd.,GLS,Healthcare,EQ,441,444.5,440,444.3,441.8,-2.5,-0.56,15000,6619500,799,410,-,4.96
GMM Pfaudler Ltd.,GMMPFAUDLR,Capital Goods,EQ,4355,4372,4300.05,4345.6,4330,-15.6,-0.36,14737,64042138.79,5295,3770,-7.22,3.63
GMR Infrastructure Ltd.,GMRINFRA,Services,EQ,34,34.75,33.6,34.1,34.5,0.4,1.17,4338629,148337725.5,49.15,27.35,7.23,-10.26
Gujarat Narmada Valley Fertilizers and Chemicals Ltd.,GNFC,Chemicals,EQ,566,582,563.25,571.8,580.5,8.7,1.52,1199375,687769600,912,314.1,51.59,-14.11
Go Fashion (India) Ltd.,GOCOLORS,Consumer Services,EQ,990,999.5,980,993.45,988.5,-4.95,-0.5,6325,6258208,1339.9,847.3,-,0.84
Godfrey Phillips India Ltd.,GODFRYPHLP,Fast Moving Consumer Goods,EQ,1089,1089,1042.65,1059.15,1061.35,2.2,0.21,12787,13588233.42,1408.75,933,7.91,-8.16
Godrej Agrovet Ltd.,GODREJAGRO,Fast Moving Consumer Goods,EQ,503.85,507.65,500.6,506.95,502,-4.95,-0.98,22224,11190895.2,746.8,441,-20.06,-5.71
Godrej Consumer Products Ltd.,GODREJCP,Fast Moving Consumer Goods,EQ,757.05,785,750.55,757.55,782.95,25.4,3.35,743399,571740736.9,1138,660.05,-12.95,-1.23
Godrej Industries Ltd.,GODREJIND,Fast Moving Consumer Goods,EQ,433.85,435.65,424,433.85,426,-7.85,-1.81,59044,25182856.44,662,405,-24.07,-9.29
Godrej Properties Ltd.,GODREJPROP,Realty,EQ,1167,1233.45,1167,1182.95,1226,43.05,3.64,776473,937738677.4,2598,1129.55,-15.37,-15.47
Gujarat Pipavav Port Ltd.,GPPL,Services,EQ,75.95,78.5,74.5,77.1,78.25,1.15,1.49,679600,51744744,119,70.3,-31.62,-3.99
Granules India Ltd.,GRANULES,Healthcare,EQ,272.1,279.75,268.9,272.25,278.2,5.95,2.19,879548,242684884.2,404.8,226.95,-18.14,0.85
Graphite India Ltd.,GRAPHITE,Capital Goods,EQ,391,393.1,383.2,393.05,388.75,-4.3,-1.09,176151,68404717.83,754,350,-38.33,-11.49
Grasim Industries Ltd.,GRASIM,Construction Materials,EQ,1320,1350,1305.3,1320.75,1345.7,24.95,1.89,516506,686565600.5,1929.8,1276.6,-11.88,-7.55
Grindwell Norton Ltd.,GRINDWELL,Capital Goods,EQ,1676.6,1703.05,1645.15,1683.05,1680,-3.05,-0.18,15338,25625196.6,2018.35,1161,35.52,-1.81
G R Infraprojects Ltd.,GRINFRA,Construction,EQ,1105.55,1105.55,1080.3,1100.55,1093,-7.55,-0.69,6544,7140616.48,2267.65,1078.85,-,-22.37
Gujarat State Fertilizers & Chemicals Ltd.,GSFC,Chemicals,EQ,131.3,131.8,127.1,132,130.6,-1.4,-1.06,1507206,194535078.4,198.8,98.1,14.09,-20.82
Gujarat State Petronet Ltd.,GSPL,Oil Gas & Consumable Fuels,EQ,220.4,221.95,215.55,217.9,217.95,0.05,0.02,882222,192994884.7,379.2,209.45,-34.64,-14.38
Gujarat Alkalies & Chemicals Ltd.,GUJALKALI,Chemicals,EQ,683.3,692.95,664.4,689.35,689,-0.35,-0.05,215330,146672029.5,1044.7,401,71.35,-14.21
Gujarat Gas Ltd.,GUJGASLTD,Oil Gas & Consumable Fuels,EQ,419,425.95,416.7,418.85,423,4.15,0.99,1078048,455033280.3,786,403.55,-36.61,-25.11
Hindustan Aeronautics Ltd.,HAL,Capital Goods,EQ,1763,1779.7,1727.4,1769.8,1737.7,-32.1,-1.81,430150,750263328.5,1972.55,1010,73.2,-3.73
Happiest Minds Technologies Ltd.,HAPPSTMNDS,Information Technology,EQ,826.4,826.4,813,828.95,816.8,-12.15,-1.47,227373,186004756.4,1580,785.6,-17.44,-8.41
Hathway Cable & Datacom Ltd.,HATHWAY,Media Entertainment & Publication,EQ,16.3,16.45,16.1,16.25,16.35,0.1,0.62,670321,10886013.04,28.7,14.35,-37.26,-10.22
Hatsun Agro Product Ltd.,HATSUN,Fast Moving Consumer Goods,EQ,874.7,886.25,869.75,881.15,875,-6.15,-0.7,88204,77170561.64,1525.95,837.6,-1.4,-4.76
Havells India Ltd.,HAVELLS,Consumer Durables,EQ,1099.85,1120,1092.25,1098.2,1111.65,13.45,1.22,1848135,2049858935,1504.45,978,12.04,-8.62
HCL Technologies Ltd.,HCLTECH,Information Technology,EQ,964.5,981.45,964.2,973.25,979.05,5.8,0.6,2827579,2746681965,1377.75,944.05,-1.04,-6.49
Housing Development Finance Corporation Ltd.,HDFC,Financial Services,EQ,2155,2224.05,2133.1,2170.85,2205.3,34.45,1.59,2776869,6047243159,3021.1,2026,-12.3,-5.89
HDFC Asset Management Company Ltd.,HDFCAMC,Financial Services,EQ,1782,1839,1779.7,1792.35,1833.3,40.95,2.28,447884,814118746.8,3365,1690,-38.56,-5.51
HDFC Bank Ltd.,HDFCBANK,Financial Services,EQ,1343.95,1360,1330.05,1348,1354.95,6.95,0.52,5736226,7722508977,1725,1271.6,-10.01,-2.95
HDFC Life Insurance Company Ltd.,HDFCLIFE,Financial Services,EQ,549.95,567.3,540.55,550,567,17,3.09,2052291,1143741774,775.65,497.05,-19.86,-8.17
H.E.G. Ltd.,HEG,Capital Goods,EQ,995.8,998.95,963.3,997.85,984.9,-12.95,-1.3,69104,67787568.8,2629,890.8,-54.45,-11.08
Hemisphere Properties India Ltd.,HEMIPROP,Realty,EQ,105.85,106,102.75,105.3,105,-0.3,-0.28,462015,48266707.05,165.9,95,-23.67,2.43
Hero MotoCorp Ltd.,HEROMOTOCO,Automobile and Auto Components,EQ,2715,2770,2683.35,2719.7,2758.8,39.1,1.44,393346,1075824911,2968.95,2146.85,-6.3,-1.95
HFCL Ltd.,HFCL,Telecommunication,EQ,55.15,55.7,54.25,55.15,54.95,-0.2,-0.36,2275417,124943147.5,101.35,51.55,-18.3,-12.39
Hinduja Global Solutions Ltd.,HGS,Services,EQ,1075,1080.55,1050.05,1067.1,1074.1,7,0.66,180181,193514394,3920,846,-,11.13
Hikal Ltd.,HIKAL,Healthcare,EQ,239.85,243.6,234.15,239,238.95,-0.05,-0.02,386423,92262355.48,742,212,-51.31,-27.67
Hindalco Industries Ltd.,HINDALCO,Metals & Mining,EQ,335,342.9,330.25,338.65,341.8,3.15,0.93,11278576,3788248107,636,308.95,-8.98,-19.86
Hindustan Copper Ltd.,HINDCOPPER,Metals & Mining,EQ,86.1,88.75,85.65,87.1,88.3,1.2,1.38,2962596,258130989.5,159.4,81.2,-39.56,-17.13
Hindustan Petroleum Corporation Ltd.,HINDPETRO,Oil Gas & Consumable Fuels,EQ,218,229,216.2,217.2,227.5,10.3,4.74,8196598,1840464115,354.8,206.5,-25.92,-4.65
Hindustan Unilever Ltd.,HINDUNILVR,Fast Moving Consumer Goods,EQ,2226,2293,2203.6,2230.6,2291,60.4,2.71,1235612,2788393244,2859.3,1901.55,-9.74,-5.21
Hindustan Zinc Ltd.,HINDZINC,Metals & Mining,EQ,246,249,245.35,249.35,247.75,-1.6,-0.64,310474,76659135.34,408.6,245.1,-26.51,-17.15
HLE Glascoat Ltd.,HLEGLAS,Capital Goods,EQ,3320,3447.9,3252.4,3295.2,3410,114.8,3.48,13768,46522898.08,7550,2950,-5.48,-4.13
Home First Finance Company India Ltd.,HOMEFIRST,Financial Services,EQ,746.95,748,726.05,743.7,733.95,-9.75,-1.31,37017,27411828.84,921.3,525.05,37.4,-4.41
Honeywell Automation India Ltd.,HONAUT,Capital Goods,EQ,34069.8,34069.8,33133.65,33787.7,33244.05,-543.65,-1.61,1860,62036431.2,47275.95,30185.35,-19.23,4.96
Housing & Urban Development Corporation Ltd.,HUDCO,Financial Services,EQ,34.8,35,34.6,34.8,34.85,0.05,0.14,544695,18949939.05,56.15,30.6,-34.4,-3.2
Indiabulls Real Estate Ltd.,IBREALEST,Realty,EQ,61.2,62.3,60.15,60.95,61.7,0.75,1.23,4909229,299462969,195.9,60.15,-48.26,-18.9
Indiabulls Housing Finance Ltd.,IBULHSGFIN,Financial Services,EQ,94.5,96.4,93.1,94.75,96.2,1.45,1.53,12436219,1174725247,297.8,90.75,-63.7,-19.7
ICICI Bank Ltd.,ICICIBANK,Financial Services,EQ,703.45,706.75,694.1,707.2,706,-1.2,-0.17,9884899,6924865994,867,629.8,12.09,-6.06
ICICI Lombard General Insurance Company Ltd.,ICICIGI,Financial Services,EQ,1120,1150,1105.85,1120.95,1144,23.05,2.06,228217,258033551.1,1675,1071,-28.47,-11.45
ICICI Prudential Life Insurance Company Ltd.,ICICIPRULI,Financial Services,EQ,489,502.45,484.2,489,501.75,12.75,2.61,757837,374288115.9,724.3,430,-20.19,-6.25
Indo Count Industries Ltd.,ICIL,Textiles,EQ,131.25,138,130.4,131.05,136.5,5.45,4.16,387980,52474295,315,119.55,-22.98,-12.05
IDBI Bank Ltd.,IDBI,Financial Services,EQ,30.9,31,30.6,30.8,30.85,0.05,0.16,3091913,95076324.75,65.25,30.5,-18.73,-15.96
Vodafone Idea Ltd.,IDEA,Telecommunication,EQ,8.35,8.6,8.2,8.4,8.5,0.1,1.19,65435996,547699286.5,16.8,4.55,-15.58,-12.5
IDFC Ltd.,IDFC,Financial Services,EQ,49.35,51.4,48.65,49.15,50.8,1.65,3.36,5859079,293422676.3,70.2,41.65,-8.81,-0.61
IDFC First Bank Ltd.,IDFCFIRSTB,Financial Services,EQ,31.35,32.45,30.6,31.45,32.4,0.95,3.02,38981951,1227541637,56.25,28.95,-41.97,-13.36
Indian Energy Exchange Ltd.,IEX,Financial Services,EQ,158,161.15,157,158.75,159.9,1.15,0.72,9279366,1476625512,318.67,124.45,-57.68,-18.44
IFB Industries Ltd.,IFBIND,Consumer Durables,EQ,903,903,885.8,899.6,894.9,-4.7,-0.52,6449,5766953.76,1365.85,800,-11.98,3.77
Indraprastha Gas Ltd.,IGL,Oil Gas & Consumable Fuels,EQ,357.15,361.9,352.6,355.9,359.95,4.05,1.14,1103024,394121505.4,602.05,321,-36.19,-5.9
IIFL Finance Ltd.,IIFL,Financial Services,EQ,323.5,335,317.15,323.75,333.5,9.75,3.01,526247,172893189.4,396,242.9,-,0.76
IIFL Wealth Management Ltd.,IIFLWAM,Financial Services,EQ,1488.5,1550,1458.95,1481.05,1543,61.95,4.18,191551,288908711.3,1908.3,1122.35,27.2,-5.45
Indian Hotels Co. Ltd.,INDHOTEL,Consumer Services,EQ,222.1,228.1,220.4,225.15,226.3,1.15,0.51,3902317,873104405.6,268.95,129.17,59.17,-4.19
India Cements Ltd.,INDIACEM,Construction Materials,EQ,156.5,161.8,154.65,156.5,160.55,4.05,2.59,2206090,350724188.2,259.95,145.45,-18.47,-7.45
Indiamart Intermesh Ltd.,INDIAMART,Consumer Services,EQ,3822.5,3877.4,3791.05,3809.2,3818,8.8,0.23,98110,375615116.1,9710.7,3785.1,-45.52,-16.36
Indian Bank,INDIANB,Financial Services,EQ,148.35,150.75,146.65,149.85,149.65,-0.2,-0.13,746419,110776043.8,194.95,115.1,3.56,-11.57
InterGlobe Aviation Ltd.,INDIGO,Services,EQ,1610.55,1667,1591.6,1606.2,1651.8,45.6,2.84,692564,1130735392,2380,1511.75,-6.45,-12.64
Indigo Paints Ltd.,INDIGOPNTS,Consumer Durables,EQ,1404.5,1405,1372.7,1395.65,1388,-7.65,-0.55,12205,16919913.55,2709,1353.6,-44.45,-12.79
Indoco Remedies Ltd.,INDOCO,Healthcare,EQ,368.25,372.95,365.65,367.05,370,2.95,0.8,21554,7949977.36,530.25,322.7,-11.06,3.94
IndusInd Bank Ltd.,INDUSINDBK,Financial Services,EQ,793,810,783,794.35,808,13.65,1.72,2796110,2241976920,1242,763.2,-21.84,-14.66
Indus Towers Ltd.,INDUSTOWER,Telecommunication,EQ,210,210.9,204.5,209.1,208.35,-0.75,-0.36,2187045,453177594.5,332.8,181.2,-12.38,3.62
Infibeam Avenues Ltd.,INFIBEAM,Information Technology,EQ,13.9,14.1,13.4,14.1,13.6,-0.5,-3.55,2029884,27667318.92,28.05,12.5,-72.81,-4.41
Infosys Ltd.,INFY,Information Technology,EQ,1454,1485,1442.35,1461.9,1481,19.1,1.31,4651635,6800411272,1953.9,1367.15,-7.52,-2.77
Inox Leisure Ltd.,INOXLEISUR,Media Entertainment & Publication,EQ,509.1,525,503,508.45,523.2,14.75,2.9,441730,226943204.8,563.6,291,64.71,0.98
Intellect Design Arena Ltd.,INTELLECT,Information Technology,EQ,635.6,659,623.35,633.35,658.95,25.6,4.04,329488,211271000.5,986.65,562.65,-12.51,-5.89
Indian Overseas Bank,IOB,Financial Services,EQ,16.45,16.8,16.1,16.45,16.6,0.15,0.91,718064,11840875.36,29,15.25,-41.35,-10.11
Indian Oil Corporation Ltd.,IOC,Oil Gas & Consumable Fuels,EQ,75,75.15,72.85,74.25,74.7,0.45,0.61,22029311,1629728428,94.33,67.7,-31.19,-35.99
Ipca Laboratories Ltd.,IPCALAB,Healthcare,EQ,890.25,914.25,890.25,897.5,912,14.5,1.62,154987,140412022.5,1383.1,831.05,-55.71,-0.57
IRB Infrastructure Developers Ltd.,IRB,Construction,EQ,203,205.9,198,202.25,204,1.75,0.87,636428,128240242,345.85,148.05,25.31,-8.42
IRCON International Ltd.,IRCON,Construction,EQ,35.95,36.2,35.8,36.05,36.15,0.1,0.28,190000,6838100,53.4,34.8,-26.13,-9.99
Indian Railway Catering And Tourism Corporation Ltd.,IRCTC,Consumer Services,EQ,576.2,585.8,575.7,576.2,578.3,2.1,0.36,1928361,1117909439,1279.26,404.29,-71.67,-16.81
Indian Railway Finance Corporation Ltd.,IRFC,Financial Services,EQ,19.7,20.05,19.6,19.65,20,0.35,1.78,2510750,49687742.5,26.4,19.3,-20.93,-7.31
ICICI Securities Ltd.,ISEC,Financial Services,EQ,427.1,429.6,412,428.9,413.5,-15.4,-3.59,570584,237003476.1,896.05,408.4,-33.08,-4.05
ITC Ltd.,ITC,Fast Moving Consumer Goods,EQ,273.5,285,271.2,273.5,284.75,11.25,4.11,35165665,9842517977,285,200.9,34.93,1.05
ITI Ltd.,ITI,Telecommunication,EQ,100.65,103,97.15,100.65,98.8,-1.85,-1.84,1243276,124091377.6,143.8,81,-23.43,9.58
Jamna Auto Industries Ltd.,JAMNAAUTO,Automobile and Auto Components,EQ,122.2,129.8,122.2,122.15,125.4,3.25,2.66,6199390,784966761.8,129.8,78.6,44.3,10.64
J.B. Chemicals & Pharmaceuticals Ltd.,JBCHEPHARM,Healthcare,EQ,1578,1587,1558.9,1572.65,1563,-9.65,-0.61,15467,24327425.62,1985,1342.2,-5.56,-3.26
Jindal Steel & Power Ltd.,JINDALSTEL,Metals & Mining,EQ,326.2,334.6,322.05,329.25,333,3.75,1.14,4320099,1419973340,577.8,304.2,-17.16,-12.86
J.K. Cement Ltd.,JKCEMENT,Construction Materials,EQ,2106.2,2160.9,2100,2108.95,2149,40.05,1.9,128324,274755799.6,3838,2003.7,-26.04,-11.47
JK Lakshmi Cement Ltd.,JKLAKSHMI,Construction Materials,EQ,416.05,423.45,412,420.25,416.95,-3.3,-0.79,92645,38667243.65,816,366.25,-27.22,-5.34
JK Paper Ltd.,JKPAPER,Forest Materials,EQ,298,309.75,297.05,295.7,303.25,7.55,2.55,2270069,691690024.3,387.4,191.25,39.55,-12.06
JM Financial Ltd.,JMFINANCIL,Financial Services,EQ,61.5,61.5,59.5,60.95,59.65,-1.3,-2.13,368055,22193716.5,117.7,57.1,-31.13,-7.02
Jindal Stainless Ltd.,JSL,Metals & Mining,EQ,100,100.6,97.35,99.8,99.8,-,-,492895,48845894.5,224.4,95.05,-8.98,-10.89
JSW Energy Ltd.,JSWENERGY,Power,EQ,204.3,207.75,199,207.95,205.3,-2.65,-1.27,662114,134740199,408,161.4,23.96,-24.83
JSW Steel Ltd.,JSWSTEEL,Metals & Mining,EQ,556.55,580.5,556.55,564.5,577.5,13,2.3,3737790,2128073359,790,520.05,-17.46,2.4
Jubilant Foodworks Ltd.,JUBLFOOD,Consumer Services,EQ,512.25,545,508.5,512.25,541.15,28.9,5.64,5437843,2894998856,918,451.2,-83.37,-7.02
Jubilant Ingrevia Ltd.,JUBLINGREA,Chemicals,EQ,485.5,490.85,473.05,485.85,476,-9.85,-2.03,163007,78083613.14,838.75,401.2,-7.18,-4
Jubilant Pharmova Ltd.,JUBLPHARMA,Healthcare,EQ,348.8,349,281.8,343.7,340,-3.7,-1.08,71858,23945959.92,767,281.8,-53.06,-10.55
Justdial Ltd.,JUSTDIAL,Consumer Services,EQ,560,569.1,551.05,565.25,558,-7.25,-1.28,194406,108597135.7,1138,520,-41.18,-14.55
Jyothy Labs Ltd.,JYOTHYLAB,Fast Moving Consumer Goods,EQ,148.35,152.5,147.5,149.65,150,2.85,1.94,771549,115686057.1,187.3,130.15,-3.33,0.44
Kajaria Ceramics Ltd.,KAJARIACER,Consumer Durables,EQ,947.7,965,937.2,947.7,952,4.3,0.45,72125,68652902.5,1374.9,885.3,-3.29,-8.24
Kalpataru Power Transmission Ltd.,KALPATPOWR,Construction,EQ,354,358.75,353.15,356.7,354.85,-1.85,-0.52,17142,6076667.58,496,331.8,-16.23,-1.07
Kalyan Jewellers India Ltd.,KALYANKJIL,Consumer Durables,EQ,58.5,61.8,58.05,59.9,61.3,1.4,2.34,501257,30220784.53,83.6,55.05,-23.45,-0.42
Kansai Nerolac Paints Ltd.,KANSAINER,Consumer Durables,EQ,372.35,375,368.3,370.5,370.05,-0.45,-0.12,269671,99896925.24,675,358.15,-35.59,-7.42
Karur Vysya Bank Ltd.,KARURVYSYA,Financial Services,EQ,44.95,44.95,43.7,44.95,44.25,-0.7,-1.56,1017461,45022649.25,60.7,38.4,-13.06,-
Kec International Ltd.,KEC,Capital Goods,EQ,393.15,393.15,384.1,391.25,386.1,-5.15,-1.32,149531,57938776.57,550,345.5,-13.59,-1.22
KEI Industries Ltd.,KEI,Capital Goods,EQ,1152.55,1208,1152.5,1152.55,1200,47.45,4.12,340326,406628311.3,1377.35,687.5,66.21,-6.77
Krishna Institute of Medical Sciences Ltd.,KIMS,Healthcare,EQ,1182,1233.45,1167,1184.55,1210,25.45,2.15,44951,54397452.65,1565,937.55,25.08,-9.68
KNR Constructions Ltd.,KNRCON,Construction,EQ,230.5,236.15,228.75,233.05,235.7,2.65,1.14,58500,13689585,343.9,207.5,-2.31,-10.37
Kotak Mahindra Bank Ltd.,KOTAKBANK,Financial Services,EQ,1645,1679.5,1636,1661.1,1678,16.9,1.02,2300514,3822234996,2253,1626,-2.62,-10.06
KPIT Technologies Ltd.,KPITTECH,Information Technology,EQ,512,514.95,495.4,517.65,500.9,-16.75,-3.24,940281,471738977.7,801,245.2,99.33,-2.39
K.P.R. Mill Ltd.,KPRMILL,Textiles,EQ,516,516.4,506.5,515.65,508.5,-7.15,-1.39,121702,62085058.28,769,304,-66.13,-17.94
KRBL Ltd.,KRBL,Fast Moving Consumer Goods,EQ,217,218.8,215.3,217.85,216.7,-1.15,-0.53,62909,13657543.9,337.95,184.5,-7.49,-0.86
L&T Finance Holdings Ltd.,L&TFH,Financial Services,EQ,67,68.95,66.3,67.6,68.8,1.7,2.53,3855009,260752808.8,95.95,58.5,-27.23,-10.82
Dr. Lal Path Labs Ltd.,LALPATHLAB,Healthcare,EQ,2167.95,2248,2148.45,2160.4,2235.1,74.7,3.46,210696,464932328.4,4245.5,1805.55,-33.98,3.63
Latent View Analytics Ltd.,LATENTVIEW,Information Technology,EQ,332,336.8,330.3,333.95,335.15,1.2,0.36,212311,70890642.9,754.9,305.25,-,-16.67
Laurus Labs Ltd.,LAURUSLABS,Healthcare,EQ,464,467.1,459.5,464.7,466.8,2.1,0.45,443092,205311109.1,723.75,436.8,-32.52,-18.11
Lakshmi Machine Works Ltd.,LAXMIMACH,Capital Goods,EQ,9050,9068,8876,8981.85,9068,86.15,0.96,1507,13561553.28,11790,6499.95,37.88,-3.93
LIC Housing Finance Ltd.,LICHSGFIN,Financial Services,EQ,326.9,339.25,319.9,327.35,337,9.65,2.95,2366258,784012263.1,476.55,291.75,-30.35,-13.4
Linde India Ltd.,LINDEINDIA,Chemicals,EQ,3150,3248,3111,3198.15,3224,25.85,0.81,40600,129405192,4190,1564.1,94.42,6.85
Macrotech Developers Ltd.,LODHA,Realty,EQ,1060.05,1070.95,1045,1069,1068.7,-0.3,-0.03,39067,41512984.87,1539,645,56.37,10.41
Larsen & Toubro Ltd.,LT,Construction,EQ,1560.95,1576,1534.6,1558.25,1571.8,13.55,0.87,1294305,2016255386,2078.55,1456.35,3.85,-5.82
Larsen & Toubro Infotech Ltd.,LTI,Information Technology,EQ,3945,4015.95,3905.25,3975.45,4000.65,25.2,0.63,268702,1067066695,7588.8,3733.3,-2.35,-6.54
L&T Technology Services Ltd.,LTTS,Information Technology,EQ,2995,3027.2,2937,3030.8,2984,-46.8,-1.54,364261,1087584996,5955.5,2801,4.4,-13.46
Lupin Ltd.,LUPIN,Healthcare,EQ,613.1,630.55,608.7,610.95,627.3,16.35,2.68,908035,561083906.9,1191.55,583,-46.83,-1.24
Lux Industries Ltd.,LUXIND,Textiles,EQ,1754.45,1765,1729.05,1754.45,1740,-14.45,-0.82,15428,26888535.52,4644,1684.85,-50.96,-12.56
Laxmi Organic Industries Ltd.,LXCHEM,Chemicals,EQ,283,287.35,280.6,284.65,287,2.35,0.83,338168,96235849.44,628,219.6,29.18,-22.65
Mahindra & Mahindra Ltd.,M&M,Automobile and Auto Components,EQ,1092.4,1113.35,1064,1093.15,1107,13.85,1.27,2839545,3101862167,1121.45,671.15,40.56,5.68
Mahindra & Mahindra Financial Services Ltd.,M&MFIN,Financial Services,EQ,176.05,179.7,171.05,175.4,177.2,1.8,1.03,2173337,380899042.6,206.35,128,11.65,-1.63
Bank of Maharashtra,MAHABANK,Financial Services,EQ,15.6,15.7,15.5,15.55,15.65,0.1,0.64,892261,13910348.99,26.3,15,-38.78,-11.9
Mahindra CIE Automotive Ltd.,MAHINDCIE,Automobile and Auto Components,EQ,233,233.1,226.1,233.1,229.95,-3.15,-1.35,276850,63426335,312,163.95,-1.89,19.63
Mahindra Logistics Ltd.,MAHLOG,Services,EQ,474,474,455,471.65,461,-10.65,-2.26,17972,8287068.92,821,391.1,-14.55,2.67
Manappuram Finance Ltd.,MANAPPURAM,Financial Services,EQ,84.9,89.6,83.65,85,88.25,3.25,3.82,13581092,1194185420,224.5,81.5,-49.63,-11.04
C.E. Info Systems Ltd.,MAPMYINDIA,Information Technology,EQ,1399.9,1421.25,1373.2,1411.9,1407,-4.9,-0.35,83012,116391955.3,1917.4,1128.8,-,6.27
Marico Ltd.,MARICO,Fast Moving Consumer Goods,EQ,478,493,477.6,477.9,492,14.1,2.95,846365,411604226.8,607.7,455.65,-9.97,-10.45
Maruti Suzuki India Ltd.,MARUTI,Automobile and Auto Components,EQ,8440,8450,8305.6,8470.75,8399.95,-70.8,-0.84,530569,4440634385,9050,6536.55,12.7,6.33
Mastek Ltd.,MASTEK,Information Technology,EQ,2130,2133.05,2081.3,2145,2093,-52,-2.42,27911,58699624.1,3669,1850.7,-5.34,-19.45
Max Healthcare Institute Ltd.,MAXHEALTH,Healthcare,EQ,364.6,367.05,357,366.95,360.05,-6.9,-1.88,326670,118052004.6,458.05,250.6,44.18,-3.52
Mazagoan Dock Shipbuilders Ltd.,MAZDOCK,Capital Goods,EQ,246.7,249.95,241.55,246.25,249.1,2.85,1.16,68727,16861482.18,342.4,221.1,1.34,-11.02
United Spirits Ltd.,MCDOWELL-N,Fast Moving Consumer Goods,EQ,760.5,791.5,754.05,759.75,787.1,27.35,3.6,2124003,1649755610,1019.95,629.1,14.83,-6.13
Multi Commodity Exchange of India Ltd.,MCX,Financial Services,EQ,1305.95,1324.45,1275.5,1307.95,1282.95,-25,-1.91,433916,564494341.9,2135,1143,-14.04,-4.64
Medplus Health Services Ltd.,MEDPLUS,Consumer Services,EQ,770,770,750,767.3,750.1,-17.2,-2.24,10669,8052107.68,1343,708,-,-11.22
Metro Brands Ltd.,METROBRAND,Consumer Durables,EQ,600,631.25,600,598.75,617.5,18.75,3.13,582857,359389626.2,673,426,-,0.39
Metropolis Healthcare Ltd.,METROPOLIS,Healthcare,EQ,1400,1439.95,1397.05,1406.45,1435.1,28.65,2.04,100318,142381337.4,3579.9,1378.05,-50.4,-12.98
Max Financial Services Ltd.,MFSL,Financial Services,EQ,782.35,808.4,772.15,782.35,802.2,19.85,2.54,320516,254855092.2,1148.05,696.5,-26.22,-1.55
Mahanagar Gas Ltd.,MGL,Oil Gas & Consumable Fuels,EQ,760.55,771,757.05,760.6,770.7,10.1,1.33,170132,130261565.8,1212,665.8,-33.08,0.56
Mahindra Holidays & Resorts India Ltd.,MHRIL,Consumer Services,EQ,213.5,231,211.1,214.4,227,12.6,5.88,1395618,315423624.2,274.9,165.43,-14.26,-3.01
Minda Industries Ltd.,MINDAIND,Automobile and Auto Components,EQ,925,947,900,923.15,943.7,20.55,2.23,178456,167143674.2,1257.4,629.15,44.15,0.09
MindTree Ltd.,MINDTREE,Information Technology,EQ,2874,2905.9,2810,2887.05,2890.75,3.7,0.13,582730,1666776792,5060,2457.55,11.02,-5.27
MMTC Ltd.,MMTC,Services,EQ,39.4,40.35,38.9,39.2,39.35,0.15,0.38,1476769,58435749.33,64.7,31,-30.74,-4.51
MOIL Ltd.,MOIL,Metals & Mining,EQ,141.6,142.9,140.7,140.1,141.85,1.75,1.25,95406,13533341.1,201.9,137.3,-27.13,-13.01
Motilal Oswal Financial Services Ltd.,MOTILALOFS,Financial Services,EQ,754.1,766,745,766.5,753.3,-10.2,-1.34,27524,20773739,1188,714,-2.22,-3.33
MphasiS Ltd.,MPHASIS,Information Technology,EQ,2279.2,2299.45,2220.1,2294.05,2239.9,-54.15,-2.36,332856,746179938,3659.75,2076.05,7.49,-11.55
MRF Ltd.,MRF,Automobile and Auto Components,EQ,70300,72500,70300,70800.9,71900,"1,099.10",1.55,5409,386007226.9,87550,63000,-11.59,-8.82
Mangalore Refinery & Petrochemicals Ltd.,MRPL,Oil Gas & Consumable Fuels,EQ,88.05,91.25,81.55,90.6,81.55,-9.05,-9.99,26739501,2226330853,127.65,37.05,76.61,11.65
MTAR Technologies Ltd.,MTARTECH,Capital Goods,EQ,1279,1279,1238.95,1271.25,1241,-30.25,-2.38,104163,130305829.7,2563.3,1010.95,12.78,-10.9
Muthoot Finance Ltd.,MUTHOOTFIN,Financial Services,EQ,980,1048.3,977.1,976.3,1039.8,63.5,6.5,1982052,2016083833,1721.95,960.4,-34.11,-14.59
Nippon Life India Asset Management Ltd.,NAM-INDIA,Financial Services,EQ,270.6,273.9,269.05,271.25,272,0.75,0.28,205261,55794045.02,476.45,259,-25.93,-4.49
NATCO Pharma Ltd.,NATCOPHARM,Healthcare,EQ,652,653,642.7,649.8,647,-2.8,-0.43,48437,31447237.88,1189,607.75,-42.46,-5.96
National Aluminium Co. Ltd.,NATIONALUM,Metals & Mining,EQ,68,68.9,67,68.8,68.65,-0.15,-0.22,16360489,1116276164,132.7,67,-12.19,-28.48
Info Edge (India) Ltd.,NAUKRI,Consumer Services,EQ,3771.9,3774,3606,3758.8,3720.65,-38.15,-1.01,413841,1521109841,7465.4,3313,-23.54,-9.74
Navin Fluorine International Ltd.,NAVINFLUOR,Chemicals,EQ,3665,3696.85,3557.95,3651.6,3675,23.4,0.64,112850,410425293.5,4329,3202.5,-2.6,-6.95
Nazara Technologies Ltd.,NAZARA,Media Entertainment & Publication,EQ,670,676.9,638.3,671.4,649.9,-21.5,-3.2,302182,197974537.3,1678,475.05,-55.68,-44.79
NBCC (India) Ltd.,NBCC,Construction,EQ,28.5,28.8,28.1,28.4,28.8,0.4,1.41,1801802,51189194.82,55.5,26.55,-47.36,-15.35
NCC Ltd.,NCC,Construction,EQ,54.05,55.95,53.1,54.1,55.2,1.1,2.03,2281956,124389421.6,98.5,52.2,-37.71,-16.19
NESCO Ltd.,NESCO,Services,EQ,550,555.5,545.6,550.85,553.6,2.75,0.5,12047,6631150.68,696.8,501.95,-9.09,1.71
Nestle India Ltd.,NESTLEIND,Fast Moving Consumer Goods,EQ,17400,17829.4,17331.05,17470,17800,330,1.89,38547,681238432.7,20609.15,16000,-0.92,-1.25
Network18 Media & Investments Ltd.,NETWORK18,Media Entertainment & Publication,EQ,68.2,68.75,66.5,69,67.45,-1.55,-2.25,1455769,98468215.16,117.5,46,37.86,-8.61
Narayana Hrudayalaya Ltd.,NH,Healthcare,EQ,634.1,644.35,631.5,632.55,640,7.45,1.18,50400,32060448,777,468.3,28.5,-3.38
NHPC Ltd.,NHPC,Power,EQ,30.65,31.35,30.6,30.75,30.95,0.2,0.65,6808415,211197033.3,37.6,25.3,17.37,-8.62
The New India Assurance Company Ltd.,NIACL,Financial Services,EQ,79.8,80.6,78.15,79.8,78.9,-0.9,-1.13,289192,22805681.12,178.4,78.15,-52.95,-21.26
NLC India Ltd.,NLCINDIA,Power,EQ,63.6,64.25,61.6,63.65,62.75,-0.9,-1.41,2402689,150240143.2,92.4,49.8,4.26,-15.64
NMDC Ltd.,NMDC,Metals & Mining,EQ,107.15,110,106.35,108.2,109.85,1.65,1.52,5571985,602833057.2,186.9,101.55,-41.23,-14.2
NOCIL Ltd.,NOCIL,Chemicals,EQ,253.75,254.5,244.35,253.2,247.7,-5.5,-2.17,373166,92500388.08,321.3,190.7,16.92,3.54
NTPC Ltd.,NTPC,Power,EQ,142,143.2,139.75,142.9,141.1,-1.8,-1.26,9592229,1355381958,166.35,111.95,22.77,-8.4
Nuvoco Vistas Corporation Ltd.,NUVOCO,Construction Materials,EQ,299,307.4,292.5,296.85,305,8.15,2.75,150042,44912071.86,577.9,260.25,-,-1.54
FSN E-Commerce Ventures Ltd.,NYKAA,Consumer Services,EQ,1399.8,1420,1381.4,1406.95,1405.05,-1.9,-0.14,143804,201378807.5,2573.7,1207.5,-,-5.86
Oberoi Realty Ltd.,OBEROIRLTY,Realty,EQ,734.35,751,731.35,737.65,740.25,2.6,0.35,563385,418724633.6,1051.9,605.5,17.14,-8.45
Oracle Financial Services Software Ltd.,OFSS,Information Technology,EQ,3090.25,3123.9,3044.25,3098.3,3064.05,-34.25,-1.11,61691,188830598.8,5145,2950,-15.15,-5.94
Oil India Ltd.,OIL,Oil Gas & Consumable Fuels,EQ,245.5,249.45,210.05,251.5,214.2,-37.3,-14.83,16490601,3699501428,306,153.1,59.99,5.47
Oil & Natural Gas Corporation Ltd.,ONGC,Oil Gas & Consumable Fuels,EQ,148.95,151.15,130,151.55,131.4,-20.15,-13.3,125788305,17143688088,194.95,108.5,28.76,0.2
Orient Electric Ltd.,ORIENTELEC,Consumer Durables,EQ,272.3,274.95,265.1,272.05,274.3,2.25,0.83,43089,11637477.12,408,244,-13.24,-2.79
Page Industries Ltd.,PAGEIND,Textiles,EQ,40199,41599.9,40124.95,40166.5,41236.6,"1,070.10",2.66,13064,535251806.6,46737.7,29119.95,36.06,-11.12
One 97 Communications Ltd.,PAYTM,Financial Services,EQ,672.9,675.7,652,675.7,657.7,-18,-2.66,3069693,2027839196,1955,510.05,-,3.48
PCBL Ltd.,PCBL,Chemicals,EQ,104,106.4,103.05,104.75,104,-0.75,-0.72,547189,57274272.63,138.65,89,-,-0.76
Piramal Enterprises Ltd.,PEL,Financial Services,EQ,1661.5,1682.9,1626.3,1655.7,1672,16.3,0.98,536946,887040161.5,3014.95,1560.1,-30.96,-12.63
Persistent Systems Ltd.,PERSISTENT,Information Technology,EQ,3385,3422.25,3270.05,3401.8,3329,-72.8,-2.14,234003,777882132.7,4987.5,2725.05,15.75,-9.52
Petronet LNG Ltd.,PETRONET,Oil Gas & Consumable Fuels,EQ,215.3,222.4,214.8,217.3,220.6,3.3,1.52,2021428,439842518.5,243.55,190.25,-3.76,-4.23
Power Finance Corporation Ltd.,PFC,Financial Services,EQ,104.3,106.1,103.2,104.45,105.9,1.45,1.39,2843672,298670870.2,153.75,97.1,-18.91,-6.2
Pfizer Ltd.,PFIZER,Healthcare,EQ,4105,4117.95,4077.5,4080.35,4103,22.65,0.56,4025,16489096.75,6175,4060,-28.05,-5.39
Procter & Gamble Hygiene & Health Care Ltd.,PGHH,Fast Moving Consumer Goods,EQ,13330,13450,13224.6,13369.15,13450,80.85,0.6,23356,311314226,16448.7,12310.1,0.47,-3.25
Procter & Gamble Health Ltd.,PGHL,Healthcare,EQ,4192,4194.25,4102.1,4190.85,4111,-79.85,-1.91,3956,16433184.44,5851.75,3901.05,-24.49,-1.82
Phoenix Mills Ltd.,PHOENIXLTD,Realty,EQ,1183.7,1214,1162.8,1183.7,1173.05,-10.65,-0.9,172501,205640167.1,1244.95,793.4,45.21,1.44
Pidilite Industries Ltd.,PIDILITIND,Chemicals,EQ,2099.95,2164.35,2082.8,2089.9,2158,68.1,3.26,501109,1067727980,2764.7,1988.55,-2.97,-6.93
PI Industries Ltd.,PIIND,Chemicals,EQ,2559.5,2590.25,2511.95,2559.5,2576.1,16.6,0.65,79059,202265336.2,3534.9,2333.55,-12.06,-7.21
Punjab National Bank,PNB,Financial Services,EQ,29.05,29.6,28.75,29,29.55,0.55,1.9,17767070,518087761.2,48.2,28.05,-31.44,-7.5
PNB Housing Finance Ltd.,PNBHOUSING,Financial Services,EQ,329.55,329.55,324.65,330.3,327.55,-2.75,-0.83,59692,19533610.08,784.4,311.45,-,1.55
PNC Infratech Ltd.,PNCINFRA,Construction,EQ,243,243,236.05,242.15,237.65,-4.5,-1.86,90779,21687103.1,395.9,219,-16.05,-1.16
PB Fintech Ltd.,POLICYBZR,Financial Services,EQ,571.95,603,571.4,572.95,585.05,12.1,2.11,543062,322052057.9,1470,540.1,-,-13.67
Polycab India Ltd.,POLYCAB,Capital Goods,EQ,2202.5,2216.8,2156.25,2201.2,2180,-21.2,-0.96,409500,894397140,2820,1762,11.45,-9.85
Poly Medicure Ltd.,POLYMED,Healthcare,EQ,750.9,769.15,729.4,750.85,738.95,-11.9,-1.58,23654,17687988.12,1094.25,651.1,-26.14,0.14
Polyplex Corporation Ltd.,POLYPLEX,Capital Goods,EQ,2204,2248.65,2167.95,2202.3,2236,33.7,1.53,146621,324750852.9,2870.2,1325.45,58.75,-6.98
Poonawalla Fincorp Ltd.,POONAWALLA,Financial Services,EQ,227.5,232,224.1,227.7,230.45,2.75,1.21,2033688,465165456.2,343.8,140.75,-,-12.24
Power Grid Corporation of India Ltd.,POWERGRID,Power,EQ,211.05,212.9,205.2,211.9,206.55,-5.35,-2.52,8350248,1735766052,248.35,167.15,-8.82,-9.02
Hitachi Energy India Ltd.,POWERINDIA,Capital Goods,EQ,3168.3,3175,3092,3151.7,3100,-51.7,-1.64,17764,55873997.4,4042.6,1741,66.73,-10.72
Praj Industries Ltd.,PRAJIND,Capital Goods,EQ,364.9,364.9,357.4,363.9,358.5,-5.4,-1.48,207864,74752051.68,448,289.05,-,6.17
Prestige Estates Projects Ltd.,PRESTIGE,Realty,EQ,385,391.75,381.1,387.15,387.4,0.25,0.06,209983,81070236.64,554.9,284,33.71,-9.79
Prince Pipes and Fittings Ltd.,PRINCEPIPE,Capital Goods,EQ,593.15,603,590.15,598.15,594.5,-3.65,-0.61,51385,30605933.7,897,549.3,-16.74,-4.99
Privi Speciality Chemicals Ltd.,PRIVISCL,Chemicals,EQ,1075.75,1076,1040,1087.3,1072,-15.3,-1.41,16783,17740470.15,2249,1015.3,-2,-6.87
Prism Johnson Ltd.,PRSMJOHNSN,Construction Materials,EQ,107.95,108.45,106.1,107.95,107.5,-0.45,-0.42,24056,2587222.8,160,96.65,-17.34,-
PVR Ltd.,PVR,Media Entertainment & Publication,EQ,1860.85,1895,1828.9,1860.85,1888,27.15,1.46,358082,664456959.2,2003.8,1224.05,39.43,1.13
Quess Corp Ltd.,QUESS,Services,EQ,613.5,613.5,592.1,613.65,598.5,-15.15,-2.47,76594,46016143.32,989.9,527.4,-24.98,-12.84
Radico Khaitan Ltd,RADICO,Fast Moving Consumer Goods,EQ,872,898.9,860.25,872.5,871.85,-0.65,-0.07,257073,226039147.4,1294,723.2,14.94,8.47
Railtel Corporation Of India Ltd.,RAILTEL,Telecommunication,EQ,91.15,91.65,90.7,91.1,91.05,-0.05,-0.05,162424,14801699.12,150.4,84,-35.57,-6.28
Rain Industries Ltd,RAIN,Chemicals,EQ,145.5,149.55,144.1,146.5,148.75,2.25,1.54,946679,139067145.1,272.75,128.6,-24.74,-12.85
Rajesh Exports Ltd.,RAJESHEXPO,Consumer Durables,EQ,622,630.85,615,625.4,621,-4.4,-0.7,128888,79999492.72,994.7,518.5,10.77,15.46
Rallis India Ltd.,RALLIS,Chemicals,EQ,189,189.6,186.35,188.65,188.8,0.15,0.08,219820,41279997.8,341.85,182.5,-41.94,-5.77
The Ramco Cements Ltd.,RAMCOCEM,Construction Materials,EQ,634,648.95,613.75,636.8,646,9.2,1.44,327788,209502422.3,1132.7,575.65,-37.92,-8.87
Ratnamani Metals & Tubes Ltd.,RATNAMANI,Capital Goods,EQ,1634.05,1659.7,1553.55,1654.4,1580,-74.4,-4.5,107552,170150490.6,1913.7,1237.07,-19.33,-37.18
Restaurant Brands Asia Ltd.,RBA,Consumer Services,EQ,112,113.05,108.85,111,109.7,-1.3,-1.17,978252,108732709.8,189.7,86.5,-,14.2
RBL Bank Ltd.,RBLBANK,Financial Services,EQ,82.95,86.7,82.1,83.45,85.95,2.5,3,16258460,1376278639,226.4,74.15,-60.36,-25.69
Rashtriya Chemicals & Fertilizers Ltd.,RCF,Chemicals,EQ,77.95,78.7,76.1,78.15,78.7,0.55,0.7,1110880,86082091.2,112.65,66,-6.52,-18.34
REC Ltd.,RECLTD,Financial Services,EQ,122.8,126,120.1,123.75,125.75,2,1.62,19076925,2358671007,168.85,109.65,-16.69,3.86
Redington (India) Ltd.,REDINGTON,Services,EQ,125,128,122.6,125.55,127.4,1.85,1.47,1081859,135340560.9,179.2,109.4,-53.05,-3.42
Relaxo Footwears Ltd.,RELAXO,Consumer Durables,EQ,961,979,960.1,963.85,970.45,6.6,0.68,41820,40657822.2,1448,925,-16.33,-2.75
Reliance Industries Ltd.,RELIANCE,Oil Gas & Consumable Fuels,EQ,2574.9,2592,2365,2595.65,2406,-189.65,-7.31,37841671,92119871799,2856.15,2016.25,22.98,-1.41
Shree Renuka Sugars Ltd.,RENUKA,Fast Moving Consumer Goods,EQ,46.5,46.5,45.1,46.4,45.6,-0.8,-1.72,8262303,377752493.2,63.2,21.5,17.92,-1.07
RHI MAGNESITA INDIA LTD.,RHIM,Capital Goods,EQ,502.5,513.95,497.65,501.5,501.95,0.45,0.09,165626,83506972.94,674,317.3,-,-6.55
RITES Ltd.,RITES,Construction,EQ,234,235.15,232.25,234.85,234.95,0.1,0.04,29804,6981288.96,317.9,226.2,-14.96,-4.78
Rossari Biotech Ltd.,ROSSARI,Chemicals,EQ,880.8,882,850.4,873.05,874.8,1.75,0.2,20002,17471947.02,1619,795.1,-26.84,0.05
Route Mobile Ltd.,ROUTE,Telecommunication,EQ,1242,1290,1241.05,1242.85,1267,24.15,1.94,655866,830962546,2389,1052,-27.88,-10.73
RattanIndia Enterprises Ltd.,RTNINDIA,Services,EQ,43,43.2,41.2,42.4,41.75,-0.65,-1.53,622861,26029361.19,71,30.5,-,-13.91
Rail Vikas Nigam Ltd.,RVNL,Construction,EQ,30.1,30.25,29.8,30,30,-,-,763473,22896555.27,44.8,27.5,-10.98,-7.41
Steel Authority of India Ltd.,SAIL,Metals & Mining,EQ,68.2,70.2,67.85,68.55,69.9,1.35,1.97,20563587,1415391693,145.9,63.6,-47.51,-9.74
Sanofi India Ltd.,SANOFI,Healthcare,EQ,6415,6435.05,6333,6437.4,6376.85,-60.55,-0.94,11452,72904577.2,9285,6333,-16.1,-5.92
Sapphire Foods India Ltd.,SAPPHIRE,Consumer Services,EQ,1084,1104,1070.45,1085,1086,1,0.09,145969,157913643.3,1540,909,-,2.09
Saregama India Ltd,SAREGAMA,Media Entertainment & Publication,EQ,362.9,368.95,353.65,361.95,359.95,-2,-0.55,120158,43447931.22,550.59,295.3,-,-16.26
SBI Cards and Payment Services Ltd.,SBICARD,Financial Services,EQ,767.8,777.55,763.75,768.25,771.85,3.6,0.47,1073345,829083878.4,1165,655.7,-20.83,-1.51
SBI Life Insurance Company Ltd.,SBILIFE,Financial Services,EQ,1085.45,1105.35,1075,1081.6,1100.25,18.65,1.72,696341,760118872.2,1293.25,996.05,7.29,-7.88
State Bank of India,SBIN,Financial Services,EQ,463.35,468.8,460.55,465.9,468.5,2.6,0.56,9405495,4374119505,549,401.25,11.14,-0.47
Schaeffler India Ltd.,SCHAEFFLER,Automobile and Auto Components,EQ,2289,2289,2250,2290.5,2260,-30.5,-1.33,46062,104262718.9,9700,1598,-59.35,-0.44
Shipping Corporation of India Ltd.,SCI,Services,EQ,97.25,98,95.75,97.65,96.85,-0.8,-0.82,367655,35618416.4,160.2,85.6,-11.79,-17.42
Sequent Scientific Ltd.,SEQUENT,Healthcare,EQ,93.55,93.55,91.2,92.85,93,0.15,0.16,625299,57690085.74,328.7,82,-70.32,-15.78
Sheela Foam Ltd.,SFL,Consumer Durables,EQ,2649,2679,2612,2660.45,2651,-9.45,-0.36,3071,8128230.67,4055,2185.6,19.27,-11.46
Shilpa Medicare Ltd.,SHILPAMED,Healthcare,EQ,389.35,398,381,389.35,397.75,8.4,2.16,69762,27260896.74,670.4,380,-27.78,-10.37
Shree Cement Ltd.,SHREECEM,Construction Materials,EQ,19050,19272,18898.85,19009.7,19233.05,223.35,1.17,17699,338754081.3,31469.95,17865.2,-30.89,-14.05
Shriram City Union Finance Ltd.,SHRIRAMCIT,Financial Services,EQ,1660.55,1707.05,1657.25,1660.55,1705.9,45.35,2.73,35205,59115883.95,2602,1416.05,-3.06,-3.26
Shyam Metalics and Energy Ltd.,SHYAMMETL,Metals & Mining,EQ,282,282.45,275.7,280.45,277,-3.45,-1.23,62789,17444667.87,461.15,273.1,-24.12,-10.36
Siemens Ltd.,SIEMENS,Capital Goods,EQ,2381,2425,2366.3,2400.45,2410,9.55,0.4,208443,502199635.5,2576.85,1920,18.77,-1.38
SIS Ltd.,SIS,Services,EQ,456,456,449.8,453.9,452,-1.9,-0.42,29489,13327553.55,560,420,5.56,-3.31
SJVN Ltd.,SJVN,Power,EQ,26.8,27.55,26.7,26.9,27.4,0.5,1.86,834442,22588344.94,33.75,25.35,-3.58,-2.36
SKF India Ltd.,SKFINDIA,Capital Goods,EQ,3620,3786.65,3578.05,3637.8,3720,82.2,2.26,68901,249967315.9,4239.95,2502.3,35.72,1.1
Sobha Ltd.,SOBHA,Realty,EQ,569,577.9,551.3,577.05,555,-22.05,-3.82,338751,191191064.4,1044.95,462,22.5,4.99
Solara Active Pharma Sciences Ltd.,SOLARA,Healthcare,EQ,350,354.55,341,352.3,346,-6.3,-1.79,56960,19701324.8,1827,320,-79.09,-15.14
Solar Industries India Ltd.,SOLARINDS,Chemicals,EQ,2725.2,2769.95,2702.2,2745.3,2715,-30.3,-1.1,53477,145652096.3,3189.95,1550,73.21,4.78
Sona BLW Precision Forgings Ltd.,SONACOMS,Automobile and Auto Components,EQ,551.1,570,547,553.8,569,15.2,2.74,352045,197391631.5,839.9,333.25,61.79,-0.65
Sonata Software Ltd.,SONATSOFTW,Information Technology,EQ,669.45,671.95,655,669.45,655,-14.45,-2.16,57392,38285055.36,1024.9,610.1,-10.36,-2.29
Sun Pharma Advanced Research Company Ltd.,SPARC,Healthcare,EQ,209.1,209.7,202.35,209.1,204,-5.1,-2.44,145955,29906179.5,349,170.45,-8.99,-5.94
Spicejet Ltd.,SPICEJET,Services,EQ,37.9,39.5,37.7,38.15,39.05,0.9,2.36,2091895,81416553.4,87.3,37.15,-52.9,-19.6
SRF Ltd.,SRF,Chemicals,EQ,2230,2239.75,2133.05,2252.2,2161.4,-90.8,-4.03,809031,1754035840,2773.35,1418.8,-69.04,-8.6
Shriram Transport Finance Co. Ltd.,SRTRANSFIN,Financial Services,EQ,1266.2,1274.8,1238.5,1281.35,1264,-17.35,-1.35,1071657,1348476720,1696.4,1002,-4.57,8.94
Strides Pharma Science Ltd.,STAR,Healthcare,EQ,325.05,340,325.05,330.7,337,6.3,1.91,632891,210695742.8,818,263.35,-56.45,-0.54
Star Health and Allied Insurance Company Ltd.,STARHEALTH,Financial Services,EQ,490,490,469.05,488.7,475.9,-12.8,-2.62,1600279,758932315.8,940,469.05,-,-28.43
Sterlite Technologies Ltd.,STLTECH,Telecommunication,EQ,148.5,150.1,145.05,148.45,147.5,-0.95,-0.64,374778,55276007.22,318,135.5,-43.85,-14.71
Sudarshan Chemical Industries Ltd.,SUDARSCHEM,Chemicals,EQ,419.25,423.8,416.8,419.25,420,0.75,0.18,25363,10650684.59,794,402,-38.37,-8.27
Sumitomo Chemical India Ltd.,SUMICHEM,Chemicals,EQ,424.15,425.95,420.95,424.15,422.75,-1.4,-0.33,84550,35780714.5,492,344.25,9.81,-8.49
Sundaram Finance Ltd.,SUNDARMFIN,Financial Services,EQ,1735.25,1799,1735.25,1761.65,1798.5,36.85,2.09,6156,10914464.88,2729,1555,-34.14,8.31
Sundram Fasteners Ltd.,SUNDRMFAST,Automobile and Auto Components,EQ,724,752,718.45,724.9,747,22.1,3.05,46481,34167253.48,993.7,673.05,-10.36,-7.08
Sun Pharmaceutical Industries Ltd.,SUNPHARMA,Healthcare,EQ,829.9,836.95,825,830.6,830.8,0.2,0.02,2316527,1921188502,967.05,664.2,22.97,-3.49
Sunteck Realty Ltd.,SUNTECK,Realty,EQ,498.3,514,491.55,496.55,511,14.45,2.91,1770328,895184056.5,589.9,292.05,68.87,9.73
Sun TV Network Ltd.,SUNTV,Media Entertainment & Publication,EQ,413.8,425.7,411.85,412.55,423.5,10.95,2.65,2838077,1191935578,612,402.55,-22.12,-7.4
Suprajit Engineering Ltd.,SUPRAJIT,Automobile and Auto Components,EQ,330.05,339.75,326,332.45,337.25,4.8,1.44,108993,36269600.61,474.9,272.05,17.81,-1.79
Supreme Industries Ltd.,SUPREMEIND,Capital Goods,EQ,1760.05,1780,1752.45,1766.85,1761,-5.85,-0.33,10943,19356306.69,2693.9,1666.25,-18.37,-3.82
Suven Pharmaceuticals Ltd.,SUVENPHAR,Healthcare,EQ,460,465,457.7,462.3,460.1,-2.2,-0.48,46758,21604066.32,631.75,425.7,-3.68,-7.53
Suzlon Energy Ltd.,SUZLON,Capital Goods,EQ,6.75,6.95,6.7,6.85,6.8,-0.05,-0.73,36152847,244754774.2,13.1,5.7,-14.38,-19.88
Sterling and Wilson Renewable Energy Ltd.,SWSOLAR,Construction,EQ,294.8,300,290.1,296.6,298.5,1.9,0.64,97483,28705819.01,509.1,248.1,9.02,-9.71
Symphony Ltd.,SYMPHONY,Consumer Durables,EQ,876.95,879.5,855.05,876.7,865.5,-11.2,-1.28,180991,156613322.2,1215,828,-14.78,-12.71
Syngene International Ltd.,SYNGENE,Healthcare,EQ,550,564.1,544.8,554.75,563,8.25,1.49,135870,75301871.4,700,510.05,-4.89,-3.1
Tanla Platforms Ltd.,TANLA,Information Technology,EQ,998,1004,980.3,1004.65,1002,-2.65,-0.26,160015,159008505.7,2096.75,780,-,-24.38
Tata Chemicals Ltd.,TATACHEM,Chemicals,EQ,791,804.9,773.35,793.35,800,6.65,0.84,770388,605756084.4,1158,719.3,9.61,-16.36
Tata Coffee Ltd.,TATACOFFEE,Fast Moving Consumer Goods,EQ,193.9,199,192.25,193.9,198.25,4.35,2.24,568731,111198285.1,254.4,178.6,3.33,-6.58
Tata Communications Ltd.,TATACOMM,Telecommunication,EQ,917.45,937.4,908.9,914.25,931,16.75,1.83,283046,261489216.6,1591.95,856.25,-28.97,-7.19
Tata Consumer Products Ltd.,TATACONSUM,Fast Moving Consumer Goods,EQ,700,722.95,697,706.35,721.5,15.15,2.14,954981,679086989.1,889,650.2,-6.37,-7.03
Tata Elxsi Ltd.,TATAELXSI,Information Technology,EQ,8170.55,8239,8022,8170.55,8155.15,-15.4,-0.19,270194,2196669114,9420,4033.1,89.82,-2.51
Tata Investment Corporation Ltd.,TATAINVEST,Financial Services,EQ,1343.5,1343.5,1331,1342.15,1340,-2.15,-0.16,8592,11485270.08,1733.9,1118,18.73,-12.22
Tata Motors Ltd.,TATAMOTORS,Automobile and Auto Components,EQ,410.65,414.6,402.3,411.8,413.7,1.9,0.46,14725989,5997895320,536.7,268.45,21.26,-7.16
Tata Motors Ltd DVR,TATAMTRDVR,Automobile and Auto Components,EQ,197.7,198.65,192,197.8,198.25,0.45,0.23,1610634,314927266,298.65,129.15,27.45,-7.16
Tata Power Co. Ltd.,TATAPOWER,Power,EQ,202.7,207.65,200.6,202.2,207.2,5,2.47,15807993,3224356332,298.05,118.4,65.6,-14.01
Tata Steel Ltd.,TATASTEEL,Metals & Mining,EQ,866.95,875,859.1,867.05,871.2,4.15,0.48,5476189,4746979673,1534.5,827,-25.68,-17.87
Tata Steel Long Products Ltd.,TATASTLLP,Capital Goods,EQ,575,582.95,564.7,575.6,581,5.4,0.94,10870,6187856.2,1173,534,-,-12.96
TCI Express Ltd.,TCIEXP,Services,EQ,1580,1624.85,1580,1594.4,1590.25,-4.15,-0.26,31026,49884223.32,2572,1280,10.8,-1.5
TCNS Clothing Co. Ltd.,TCNSBRANDS,Textiles,EQ,537,543.7,526.9,530.8,537,6.2,1.17,20185,10831069.15,932,494.1,-8.98,-10.98
Tata Consultancy Services Ltd.,TCS,Information Technology,EQ,3260,3333,3252.05,3267.1,3331,63.9,1.96,1502879,4930344847,4043,3023.85,-2.35,-2.89
Teamlease Services Ltd.,TEAMLEASE,Services,EQ,3252,3358,3203.6,3236.15,3300,63.85,1.97,17375,57512466.25,5550,2910,-10.54,-1.99
Tech Mahindra Ltd.,TECHM,Information Technology,EQ,997,1014,989.3,1000,1011.25,11.25,1.13,1842102,1848880935,1838,943.7,-8.71,-15.27
Thermax Ltd.,THERMAX,Capital Goods,EQ,2060,2079.95,2022.35,2097.15,2036.25,-60.9,-2.9,30977,63452667.26,2347,1286.95,41.28,5.16
Thyrocare Technologies Ltd.,THYROCARE,Healthcare,EQ,622.9,627,613.2,621.05,617.8,-3.25,-0.52,33220,20545573.4,1374.9,613.2,-52.69,-5.85
Tube Investments of India Ltd.,TIINDIA,Automobile and Auto Components,EQ,1803.7,1835,1751,1841.3,1758,-83.3,-4.52,88311,157356955.4,2025,1081.05,57.56,17.25
Timken India Ltd.,TIMKEN,Capital Goods,EQ,2385,2484.75,2385,2377.3,2476,98.7,4.15,102059,249572016.8,2730,1450,61.79,4.26
Titan Company Ltd.,TITAN,Consumer Durables,EQ,1895,1954.35,1825.05,1941.25,1944.75,3.5,0.18,4064801,7729950766,2768,1662.5,12.05,-12.4
Torrent Pharmaceuticals Ltd.,TORNTPHARM,Healthcare,EQ,2850,2925,2838.05,2860.25,2920,59.75,2.09,157824,457984730.9,3298.5,2484.15,-1.43,0.98
Torrent Power Ltd.,TORNTPOWER,Power,EQ,451,460.6,449.4,451.65,460.6,8.95,1.98,220456,100386844.2,606.55,415.25,-1.84,-0.96
Trent Ltd.,TRENT,Consumer Services,EQ,1074.15,1088.1,1059.1,1074.15,1078,3.85,0.36,555368,595593304.2,1346.85,838,26.39,-4.44
Trident Ltd.,TRIDENT,Textiles,EQ,38.65,38.8,37.65,38.7,38.2,-0.5,-1.29,2633568,100365276.5,70.35,16.3,136.7,-18.87
Triveni Turbine Ltd.,TRITURBINE,Capital Goods,EQ,154.15,157.65,154.05,156.35,156.6,0.25,0.16,126459,19678284.99,231.7,107.1,26.8,-8.19
Triveni Engineering & Industries Ltd.,TRIVENI,Fast Moving Consumer Goods,EQ,237,237,225.7,236.45,229.7,-6.75,-2.85,543017,124758155.8,374.5,159.45,22.77,-19.19
TTK Prestige Ltd.,TTKPRESTIG,Consumer Durables,EQ,828,833.4,816.95,830.75,830,-0.75,-0.09,17948,14811048.56,1264.65,744.7,-91.14,-0.14
Tata Teleservices (Maharashtra) Ltd.,TTML,Telecommunication,EQ,121.4,122.7,118.5,121.1,119.4,-1.7,-1.4,2252618,269660900.8,290.15,32.75,-,-3.43
TV18 Broadcast Ltd.,TV18BRDCST,Media Entertainment & Publication,EQ,39.1,39.45,38.4,38.95,39.1,0.15,0.39,4948800,192508320,82.6,33.2,-9.21,-3.35
TVS Motor Company Ltd.,TVSMOTOR,Automobile and Auto Components,EQ,837.5,886.3,827.3,841.95,836.05,-5.9,-0.7,3263584,2765887440,886.3,495,35.69,14.31
United Breweries Ltd.,UBL,Fast Moving Consumer Goods,EQ,1453.8,1509,1440,1452.8,1501.95,49.15,3.38,174055,256786822.6,1785.8,1274.5,0.45,-5.81
UCO Bank,UCOBANK,Financial Services,EQ,11,11.2,10.75,10.95,11.05,0.1,0.91,1157345,12707648.1,15.9,10.55,-27.96,-5.6
UFLEX Ltd.,UFLEX,Capital Goods,EQ,580.6,583,568.05,580.6,579,-1.6,-0.28,59052,34016314.08,719,427,2.08,-5.34
UltraTech Cement Ltd.,ULTRACEMCO,Construction Materials,EQ,5600,5699.75,5485,5607.3,5690,82.7,1.47,329610,1855160444,8269,5157.05,-17.25,-7.81
Union Bank of India,UNIONBANK,Financial Services,EQ,34.4,34.65,34,34.25,34.55,0.3,0.88,2376699,81520775.7,54.8,32.7,-11.15,-9.51
UPL Ltd.,UPL,Chemicals,EQ,630,646,621.95,632.4,642.85,10.45,1.65,3575548,2276015079,852.4,607.5,-20.24,-18.88
UTI Asset Management Company Ltd.,UTIAMC,Financial Services,EQ,643,643,628.05,645.9,640,-5.9,-0.91,46115,29270573.95,1216.2,595,-24.34,-5.71
Vaibhav Global Ltd.,VAIBHAVGBL,Consumer Services,EQ,301,306.95,287.9,299.9,303,3.1,1.03,131705,39561547.9,860,287.9,-62.43,-10.68
Vakrangee Ltd.,VAKRANGEE,Information Technology,EQ,26.75,27.5,26.15,26.75,26.7,-0.05,-0.19,2363491,62963400.24,47.2,23.55,-35.93,-6.47
Varroc Engineering Ltd.,VARROC,Automobile and Auto Components,EQ,300.5,307.45,295.1,299.7,305.1,5.4,1.8,134195,40414166.2,493.85,260,-18.37,-12.87
Varun Beverages Ltd.,VBL,Fast Moving Consumer Goods,EQ,790,809,786.2,790.55,790,-0.55,-0.07,951574,759584429.8,809,472.67,8.35,-25.17
Vedanta Ltd.,VEDL,Metals & Mining,EQ,221.1,223.6,206,223,213.7,-9.3,-4.17,26130465,5596884298,440.75,206,-15.16,-30.51
Venky's (India) Ltd.,VENKEYS,Fast Moving Consumer Goods,EQ,1897.15,1910,1875.75,1896.6,1901,4.4,0.23,8251,15614192.4,3746,1772.95,-47.1,-6.86
V-Guard Industries Ltd.,VGUARD,Consumer Durables,EQ,224.2,226.75,217.1,225.2,218.5,-6.7,-2.98,212688,47031697.44,274.8,181,-15.07,-3.88
Vijaya Diagnostic Centre Ltd.,VIJAYA,Healthcare,EQ,333.2,361,331.55,333.2,351.25,18.05,5.42,203583,71673430.98,672,295,-,-8.26
Vinati Organics Ltd.,VINATIORGA,Chemicals,EQ,1977,2024.9,1936.7,1982.9,1983,0.1,0.01,40500,80528580,2290,1674.2,8.36,-3.2
V.I.P. Industries Ltd.,VIPIND,Consumer Durables,EQ,626.5,631.8,606.4,626.5,618.9,-7.6,-1.21,125113,77473722.99,774.6,374,56.41,8.04
V-Mart Retail Ltd.,VMART,Consumer Services,EQ,2497.65,2500,2425,2485.2,2471,-14.2,-0.57,28139,69418913,4848.8,2406.85,-11.25,-24.14
Voltas Ltd.,VOLTAS,Consumer Durables,EQ,949.8,969.65,938.1,972.4,959,-13.4,-1.38,1129398,1079952956,1356.9,922.55,-4.9,-4.48
Vardhman Textiles Ltd.,VTL,Textiles,EQ,265.45,273.25,262.1,265.05,272.95,7.9,2.98,431463,115235138,2880,245.5,-80.62,-7.58
Welspun Corp Ltd.,WELCORP,Capital Goods,EQ,217,221.55,213.1,218.85,214.65,-4.2,-1.92,880477,190852194.5,250.65,105.85,52.94,-3.29
Welspun India Ltd.,WELSPUNIND,Textiles,EQ,69.6,70.4,68.15,69.45,69.9,0.45,0.65,1174496,81275123.2,170.7,62.2,-27.96,6.27
Westlife Development Ltd.,WESTLIFE,Consumer Services,EQ,498,508,490.05,497.3,491,-6.3,-1.27,50304,25038816,629,402.3,-0.46,9.25
Whirlpool of India Ltd.,WHIRLPOOL,Consumer Durables,EQ,1552,1579.8,1538.5,1560.85,1560,-0.85,-0.05,62441,97504743.55,2550,1365.1,-30.18,-4.9
Wipro Ltd.,WIPRO,Information Technology,EQ,415,423.2,411.4,416.05,422.05,6,1.44,4453624,1855023468,739.85,402.05,-23.75,-12.97
Wockhardt Ltd.,WOCKPHARMA,Healthcare,EQ,206.95,208.8,205.15,208.55,207,-1.55,-0.74,375081,77671773.48,592,205.15,-59.74,-19.34
Yes Bank Ltd.,YESBANK,Financial Services,EQ,12.65,12.75,12.55,12.65,12.7,0.05,0.4,18633694,235902566,16.25,10.5,-6.64,-3.8
Zee Entertainment Enterprises Ltd.,ZEEL,Media Entertainment & Publication,EQ,213,215.85,210.6,214.1,215.5,1.4,0.65,4131369,880807870.8,378.7,166.8,-0.3,-15.33
Zensar Technolgies Ltd.,ZENSARTECH,Information Technology,EQ,273.15,273.55,268.4,272.1,270,-2.1,-0.77,186578,50467483.22,587,246.65,-12.61,-11.02
ZF Commercial Vehicle Control Systems India Ltd.,ZFCVINDIA,Automobile and Auto Components,EQ,7748,7900,7525.3,7716.6,7680,-36.6,-0.47,12790,98846236,8780.05,6793.3,-,1.43
Zomato Ltd.,ZOMATO,Consumer Services,EQ,54.15,56.7,52.55,53.85,56,2.15,3.99,112078641,6193465702,169,50.05,-,-27.86
Zydus Lifesciences Ltd.,ZYDUSLIFE,Healthcare,EQ,356.9,364.05,354.3,357,364,7,1.96,862373,310014469.8,651.9,319,-,-5.64
Zydus Wellness Ltd.,ZYDUSWELL,Fast Moving Consumer Goods,EQ,1635,1635,1605,1636.85,1627,-9.85,-0.6,10803,17495674.56,2476.85,1430,-22.08,6.25
